"POLITICO";"NOME_CASA";"PARTIDO";"UF";"ID";"ANO_MANDATO";"LEGISLATURA";"URL_FOTO"
"GEORGE HILTON";"GEORGE HILTON";"PRB";"MG";"525638";"2011";"54";"http://www.camara.gov.br/internet/deputado/bandep/141441.jpg"
"ALESSANDRO MOLON";"ALESSANDRO MOLON";"PT";"RJ";"530130";"2011";"54";"http://www.camara.gov.br/internet/deputado/bandep/160511.jpg"
"FERNANDO TORRES";"FERNANDO TORRES";"PSD";"BA";"530028";"2011";"54";"http://www.camara.gov.br/internet/deputado/bandep/160676.jpg"
"TAUMATURGO LIMA";"TAUMATURGO LIMA";"PT";"AC";"530000";"2011";"54";"http://www.camara.gov.br/internet/deputado/bandep/160679.jpg"
"SANDRO ALEX";"SANDRO ALEX";"PPS";"PR";"530122";"2011";"54";"http://www.camara.gov.br/internet/deputado/bandep/160621.jpg"
"EDSON PIMENTA";"EDSON PIMENTA";"PSD";"BA";"530032";"2011";"54";"http://www.camara.gov.br/internet/deputado/bandep/160618.jpg"
"EDMAR ARRUDA";"EDMAR ARRUDA";"PSC";"PR";"530119";"2011";"54";"http://www.camara.gov.br/internet/deputado/bandep/160578.jpg"
"ROBERTO FREIRE";"ROBERTO FREIRE";"PPS";"SP";"530195";"2011";"54";"http://www.camara.gov.br/internet/deputado/bandep/73805.jpg"
"ROBERTO SANTIAGO";"ROBERTO SANTIAGO";"PSD";"SP";"528650";"2011";"54";"http://www.camara.gov.br/internet/deputado/bandep/141473.jpg"
"AUREO";"AUREO";"SD";"RJ";"530141";"2011";"54";"http://www.camara.gov.br/internet/deputado/bandep/160512.jpg"
"VITOR PENIDO";"VITOR PENIDO";"DEM";"MG";"531196";"2011";"54";"http://www.camara.gov.br/internet/deputado/bandep/141557.jpg"
"ROBERTO DE LUCENA";"ROBERTO DE LUCENA";"PV";"SP";"530205";"2011";"54";"http://www.camara.gov.br/internet/deputado/bandep/160653.jpg"
"NILTON CAPIXABA";"NILTON CAPIXABA";"PTB";"RO";"530151";"2011";"54";"http://www.camara.gov.br/internet/deputado/bandep/74359.jpg"
"HENRIQUE EDUARDO ALVES";"HENRIQUE EDUARDO ALVES";"PMDB";"RN";"522840";"2011";"54";"http://www.camara.gov.br/internet/deputado/bandep/74324.jpg"
"RICARDO IZAR";"RICARDO IZAR";"PSD";"SP";"530206";"2011";"54";"http://www.camara.gov.br/internet/deputado/bandep/160655.jpg"
"EDUARDO DA FONTE";"EDUARDO DA FONTE";"PP";"PE";"526389";"2011";"54";"http://www.camara.gov.br/internet/deputado/bandep/141421.jpg"
"GERALDO THADEU";"GERALDO THADEU";"PSD";"MG";"521216";"2011";"54";"http://www.camara.gov.br/internet/deputado/bandep/74151.jpg"
"VIEIRA DA CUNHA";"VIEIRA DA CUNHA";"PDT";"RS";"527766";"2011";"54";"http://www.camara.gov.br/internet/deputado/bandep/141400.jpg"
"ALFREDO SIRKIS";"ALFREDO SIRKIS";"PSB";"RJ";"530143";"2011";"54";"http://www.camara.gov.br/internet/deputado/bandep/116663.jpg"
"SILVIO TORRES";"SILVIO TORRES";"PSDB";"SP";"533310";"2011";"54";"http://www.camara.gov.br/internet/deputado/bandep/73560.jpg"
"AGUINALDO RIBEIRO";"AGUINALDO RIBEIRO";"PP";"PB";"530093";"2011";"54";"http://www.camara.gov.br/internet/deputado/bandep/160527.jpg"
"GUILHERME CAMPOS";"GUILHERME CAMPOS";"PSD";"SP";"528487";"2011";"54";"http://www.camara.gov.br/internet/deputado/bandep/141447.jpg"
"DOMINGOS DUTRA";"DOMINGOS DUTRA";"SD";"MA";"525386";"2011";"54";"http://www.camara.gov.br/internet/deputado/bandep/74197.jpg"
"ANGELO VANHONI";"ANGELO VANHONI";"PT";"PR";"526612";"2011";"54";"http://www.camara.gov.br/internet/deputado/bandep/141381.jpg"
"ANDRE VARGAS";"ANDRE VARGAS";"PT";"PR";"526610";"2011";"54";"http://www.camara.gov.br/internet/deputado/bandep/141378.jpg"
"EDSON SANTOS";"EDSON SANTOS";"PT";"RJ";"527013";"2011";"54";"http://www.camara.gov.br/internet/deputado/bandep/141419.jpg"
"PEDRO FERNANDES";"PEDRO FERNANDES";"PTB";"MA";"520935";"2011";"54";"http://www.camara.gov.br/internet/deputado/bandep/74449.jpg"
"CARLOS ZARATTINI";"CARLOS ZARATTINI";"PT";"SP";"528288";"2011";"54";"http://www.camara.gov.br/internet/deputado/bandep/141398.jpg"
"EMANUEL FERNANDES";"EMANUEL FERNANDES";"PSDB";"SP";"528412";"2011";"54";"http://www.camara.gov.br/internet/deputado/bandep/74119.jpg"
"FRANCISCO FLORIANO";"FRANCISCO FLORIANO";"PR";"RJ";"530139";"2011";"54";"http://www.camara.gov.br/internet/deputado/bandep/160677.jpg"
"FLAVIANO MELO";"FLAVIANO MELO";"PMDB";"AC";"524512";"2011";"54";"http://www.camara.gov.br/internet/deputado/bandep/141434.jpg"
"ANTONIO IMBASSAHY";"ANTONIO IMBASSAHY";"PSDB";"BA";"530031";"2011";"54";"http://www.camara.gov.br/internet/deputado/bandep/160530.jpg"
"MAURO MARIANI";"MAURO MARIANI";"PMDB";"SC";"528067";"2011";"54";"http://www.camara.gov.br/internet/deputado/bandep/141507.jpg"
"EDUARDO GOMES";"EDUARDO GOMES";"SD";"TO";"524218";"2011";"54";"http://www.camara.gov.br/internet/deputado/bandep/73945.jpg"
"DILCEU SPERAFICO";"DILCEU SPERAFICO";"PP";"PR";"522042";"2011";"54";"http://www.camara.gov.br/internet/deputado/bandep/73768.jpg"
"ANTHONY GAROTINHO";"ANTHONY GAROTINHO";"PR";"RJ";"530137";"2011";"54";"http://www.camara.gov.br/internet/deputado/bandep/160539.jpg"
"MARLLOS SAMPAIO";"MARLLOS SAMPAIO";"PMDB";"PI";"530114";"2011";"54";"http://www.camara.gov.br/internet/deputado/bandep/121759.jpg"
"MIRIQUINHO BATISTA";"MIRIQUINHO BATISTA";"PT";"PA";"530089";"2011";"54";"http://www.camara.gov.br/internet/deputado/bandep/160644.jpg"
"RODRIGO BETHLEM";"RODRIGO BETHLEM";"PMDB";"RJ";"527425";"2011";"54";"http://www.camara.gov.br/internet/deputado/bandep/152865.jpg"
"ROSINHA DA ADEFAL";"ROSINHA DA ADEFAL";"PTdoB";"AL";"530009";"2011";"54";"http://www.camara.gov.br/internet/deputado/bandep/146949.jpg"
"LUIZ DE DEUS";"LUIZ DE DEUS";"DEM";"BA";"5829183";"2011";"54";"http://www.camara.gov.br/internet/deputado/bandep/171618.jpg"
"GORETE PEREIRA";"GORETE PEREIRA";"PR";"CE";"520468";"2011";"54";"http://www.camara.gov.br/internet/deputado/bandep/129618.jpg"
"MARCO MAIA";"MARCO MAIA";"PT";"RS";"523098";"2011";"54";"http://www.camara.gov.br/internet/deputado/bandep/133373.jpg"
"ELIENE LIMA";"ELIENE LIMA";"PSD";"MT";"526068";"2011";"54";"http://www.camara.gov.br/internet/deputado/bandep/141423.jpg"
"NELSON PADOVANI";"NELSON PADOVANI";"PSC";"PR";"530120";"2011";"54";"http://www.camara.gov.br/internet/deputado/bandep/160566.jpg"
"LEONARDO MONTEIRO";"LEONARDO MONTEIRO";"PT";"MG";"521068";"2011";"54";"http://www.camara.gov.br/internet/deputado/bandep/74156.jpg"
"HENRIQUE FONTANA";"HENRIQUE FONTANA";"PT";"RS";"523097";"2011";"54";"http://www.camara.gov.br/internet/deputado/bandep/73482.jpg"
"DANILO FORTE";"DANILO FORTE";"PMDB";"CE";"530035";"2011";"54";"http://www.camara.gov.br/internet/deputado/bandep/62881.jpg"
"FRANCISCO PRACIANO";"FRANCISCO PRACIANO";"PT";"AM";"524640";"2011";"54";"http://www.camara.gov.br/internet/deputado/bandep/141438.jpg"
"EDUARDO BARBOSA";"EDUARDO BARBOSA";"PSDB";"MG";"521405";"2011";"54";"http://www.camara.gov.br/internet/deputado/bandep/74655.jpg"
"DOMINGOS NETO";"DOMINGOS NETO";"PROS";"CE";"530040";"2011";"54";"http://www.camara.gov.br/internet/deputado/bandep/143632.jpg"
"MANOEL JUNIOR";"MANOEL JUNIOR";"PMDB";"PB";"526317";"2011";"54";"http://www.camara.gov.br/internet/deputado/bandep/141490.jpg"
"HUGO MOTTA";"HUGO MOTTA";"PMDB";"PB";"530096";"2011";"54";"http://www.camara.gov.br/internet/deputado/bandep/160674.jpg"
"SARNEY FILHO";"SARNEY FILHO";"PV";"MA";"520939";"2011";"54";"http://www.camara.gov.br/internet/deputado/bandep/74210.jpg"
"POLICARPO";"POLICARPO";"PT";"DF";"530896";"2011";"54";"http://www.camara.gov.br/internet/deputado/bandep/162174.jpg"
"RONALDO ZULKE";"RONALDO ZULKE";"PT";"RS";"530160";"2011";"54";"http://www.camara.gov.br/internet/deputado/bandep/160594.jpg"
"MANATO";"MANATO";"SD";"ES";"520647";"2011";"54";"http://www.camara.gov.br/internet/deputado/bandep/74163.jpg"
"BILAC PINTO";"BILAC PINTO";"PR";"MG";"525865";"2011";"54";"http://www.camara.gov.br/internet/deputado/bandep/141513.jpg"
"LUIZ FERNANDO MACHADO";"LUIZ FERNANDO MACHADO";"PSDB";"SP";"530209";"2011";"54";"http://www.camara.gov.br/internet/deputado/bandep/160662.jpg"
"JORGE BITTAR";"JORGE BITTAR";"PT";"RJ";"522344";"2011";"54";"http://www.camara.gov.br/internet/deputado/bandep/74686.jpg"
"RODRIGO MAIA";"RODRIGO MAIA";"DEM";"RJ";"522553";"2011";"54";"http://www.camara.gov.br/internet/deputado/bandep/74693.jpg"
"BETO ALBUQUERQUE";"BETO ALBUQUERQUE";"PSB";"RS";"523221";"2011";"54";"http://www.camara.gov.br/internet/deputado/bandep/73478.jpg"
"JORGINHO MELLO";"JORGINHO MELLO";"PR";"SC";"530176";"2011";"54";"http://www.camara.gov.br/internet/deputado/bandep/160509.jpg"
"ELI CORREA FILHO";"ELI CORREA FILHO";"DEM";"SP";"530199";"2011";"54";"http://www.camara.gov.br/internet/deputado/bandep/160532.jpg"
"PADRE TON";"PADRE TON";"PT";"RO";"530150";"2011";"54";"http://www.camara.gov.br/internet/deputado/bandep/160670.jpg"
"WELLINGTON FAGUNDES";"WELLINGTON FAGUNDES";"PR";"MT";"521528";"2011";"54";"http://www.camara.gov.br/internet/deputado/bandep/73653.jpg"
"PROFESSORA DORINHA SEABRA REZENDE";"PROFESSORA DORINHA SEABRA REZENDE";"DEM";"TO";"530217";"2011";"54";"http://www.camara.gov.br/internet/deputado/bandep/160639.jpg"
"OSMAR SERRAGLIO";"OSMAR SERRAGLIO";"PMDB";"PR";"522117";"2011";"54";"http://www.camara.gov.br/internet/deputado/bandep/73463.jpg"
"LIRA MAIA";"LIRA MAIA";"DEM";"PA";"526195";"2011";"54";"http://www.camara.gov.br/internet/deputado/bandep/141462.jpg"
"LUCIANO CASTRO";"LUCIANO CASTRO";"PR";"RR";"523023";"2011";"54";"http://www.camara.gov.br/internet/deputado/bandep/73982.jpg"
"JESUS RODRIGUES";"JESUS RODRIGUES";"PT";"PI";"530113";"2011";"54";"http://www.camara.gov.br/internet/deputado/bandep/160671.jpg"
"ELISEU PADILHA";"ELISEU PADILHA";"PMDB";"RS";"533082";"2011";"54";"http://www.camara.gov.br/internet/deputado/bandep/73892.jpg"
"LUIZ PITIMAN";"LUIZ PITIMAN";"PSDB";"DF";"530045";"2011";"54";"http://www.camara.gov.br/internet/deputado/bandep/160550.jpg"
"ELEUSES PAIVA";"ELEUSES PAIVA";"PSD";"SP";"533309";"2011";"54";"http://www.camara.gov.br/internet/deputado/bandep/154919.jpg"
"ELCIONE BARBALHO";"ELCIONE BARBALHO";"PMDB";"PA";"526158";"2011";"54";"http://www.camara.gov.br/internet/deputado/bandep/74075.jpg"
"ZOINHO";"ZOINHO";"PR";"RJ";"530138";"2011";"54";"http://www.camara.gov.br/internet/deputado/bandep/160625.jpg"
"DIEGO ANDRADE";"DIEGO ANDRADE";"PSD";"MG";"530073";"2011";"54";"http://www.camara.gov.br/internet/deputado/bandep/160588.jpg"
"MARA GABRILLI";"MARA GABRILLI";"PSDB";"SP";"530207";"2011";"54";"http://www.camara.gov.br/internet/deputado/bandep/160565.jpg"
"PROFESSOR SETIMO";"PROFESSOR SETIMO";"PMDB";"MA";"525474";"2011";"54";"http://www.camara.gov.br/internet/deputado/bandep/141543.jpg"
"ZEQUINHA MARINHO";"ZEQUINHA MARINHO";"PSC";"PA";"521577";"2011";"54";"http://www.camara.gov.br/internet/deputado/bandep/73933.jpg"
"BOHN GASS";"BOHN GASS";"PT";"RS";"530161";"2011";"54";"http://www.camara.gov.br/internet/deputado/bandep/160538.jpg"
"LELO COIMBRA";"LELO COIMBRA";"PMDB";"ES";"525239";"2011";"54";"http://www.camara.gov.br/internet/deputado/bandep/141562.jpg"
"FRANCISCO CHAGAS";"FRANCISCO CHAGAS";"PT";"SP";"5829213";"2011";"54";"http://www.camara.gov.br/internet/deputado/bandep/172029.jpg"
"IRINY LOPES";"IRINY LOPES";"PT";"ES";"520657";"2011";"54";"http://www.camara.gov.br/internet/deputado/bandep/74162.jpg"
"ARNALDO JORDY";"ARNALDO JORDY";"PPS";"PA";"530092";"2011";"54";"http://www.camara.gov.br/internet/deputado/bandep/160602.jpg"
"HENRIQUE OLIVEIRA";"HENRIQUE OLIVEIRA";"SD";"AM";"530010";"2011";"54";"http://www.camara.gov.br/internet/deputado/bandep/68731.jpg"
"LUCIANA SANTOS";"LUCIANA SANTOS";"PCdoB";"PE";"530110";"2011";"54";"http://www.camara.gov.br/internet/deputado/bandep/160628.jpg"
"PINTO ITAMARATY";"PINTO ITAMARATY";"PSDB";"MA";"525428";"2011";"54";"http://www.camara.gov.br/internet/deputado/bandep/141465.jpg"
"RUBENS BUENO";"RUBENS BUENO";"PPS";"PR";"530121";"2011";"54";"http://www.camara.gov.br/internet/deputado/bandep/73466.jpg"
"WILLIAM DIB";"WILLIAM DIB";"PSDB";"SP";"530208";"2011";"54";"http://www.camara.gov.br/internet/deputado/bandep/160586.jpg"
"JUNJI ABE";"JUNJI ABE";"PSD";"SP";"530198";"2011";"54";"http://www.camara.gov.br/internet/deputado/bandep/160544.jpg"
"NEWTON LIMA";"NEWTON LIMA";"PT";"SP";"530188";"2011";"54";"http://www.camara.gov.br/internet/deputado/bandep/160657.jpg"
"ROBERTO BRITTO";"ROBERTO BRITTO";"PP";"BA";"524907";"2011";"54";"http://www.camara.gov.br/internet/deputado/bandep/141529.jpg"
"CARLOS EDUARDO CADOCA";"CARLOS EDUARDO CADOCA";"PCdoB";"PE";"521814";"2011";"54";"http://www.camara.gov.br/internet/deputado/bandep/74474.jpg"
"PAULO PEREIRA DA SILVA";"PAULO PEREIRA DA SILVA";"SD";"SP";"528881";"2011";"54";"http://www.camara.gov.br/internet/deputado/bandep/141518.jpg"
"TAKAYAMA";"TAKAYAMA";"PSC";"PR";"522097";"2011";"54";"http://www.camara.gov.br/internet/deputado/bandep/74385.jpg"
"WASHINGTON REIS";"WASHINGTON REIS";"PMDB";"RJ";"530134";"2011";"54";"http://www.camara.gov.br/internet/deputado/bandep/160620.jpg"
"HELCIO SILVA";"HELCIO SILVA";"PT";"SP";"5829231";"2011";"54";"http://www.camara.gov.br/internet/deputado/bandep/175737.jpg"
"VICENTE ARRUDA";"VICENTE ARRUDA";"PROS";"CE";"520521";"2011";"54";"http://www.camara.gov.br/internet/deputado/bandep/74308.jpg"
"DUDU LUIZ EDUARDO";"DUDU LUIZ EDUARDO";"PSDC";"RJ";"5829237";"2011";"54";"http://www.camara.gov.br/internet/deputado/bandep/177118.jpg"
"GLADSON CAMELI";"GLADSON CAMELI";"PP";"AC";"524520";"2011";"54";"http://www.camara.gov.br/internet/deputado/bandep/141446.jpg"
"REINALDO AZAMBUJA";"REINALDO AZAMBUJA";"PSDB";"MS";"530085";"2011";"54";"http://www.camara.gov.br/internet/deputado/bandep/160615.jpg"
"ANDRE MOURA";"ANDRE MOURA";"PSC";"SE";"530182";"2011";"54";"http://www.camara.gov.br/internet/deputado/bandep/160543.jpg"
"AMAURI TEIXEIRA";"AMAURI TEIXEIRA";"PT";"BA";"530020";"2011";"54";"http://www.camara.gov.br/internet/deputado/bandep/160603.jpg"
"ROSANE FERREIRA";"ROSANE FERREIRA";"PV";"PR";"530124";"2011";"54";"http://www.camara.gov.br/internet/deputado/bandep/160614.jpg"
"FERNANDO COELHO FILHO";"FERNANDO COELHO FILHO";"PSB";"PE";"526411";"2011";"54";"http://www.camara.gov.br/internet/deputado/bandep/141431.jpg"
"REBECCA GARCIA";"REBECCA GARCIA";"PP";"AM";"524687";"2011";"54";"http://www.camara.gov.br/internet/deputado/bandep/141525.jpg"
"LEOPOLDO MEYER";"LEOPOLDO MEYER";"PSB";"PR";"530123";"2011";"54";"http://www.camara.gov.br/internet/deputado/bandep/160663.jpg"
"PAULO TEIXEIRA";"PAULO TEIXEIRA";"PT";"SP";"528722";"2011";"54";"http://www.camara.gov.br/internet/deputado/bandep/141488.jpg"
"ROBERTO BALESTRA";"ROBERTO BALESTRA";"PP";"GO";"520737";"2011";"54";"http://www.camara.gov.br/internet/deputado/bandep/73674.jpg"
"VILMAR ROCHA";"VILMAR ROCHA";"PSD";"GO";"530055";"2011";"54";"http://www.camara.gov.br/internet/deputado/bandep/73677.jpg"
"URZENI ROCHA";"URZENI ROCHA";"PSD";"RR";"5829190";"2011";"54";"http://www.camara.gov.br/internet/deputado/bandep/141551.jpg"
"LUIZ ALBERTO";"LUIZ ALBERTO";"PT";"BA";"520290";"2011";"54";"http://www.camara.gov.br/internet/deputado/bandep/74133.jpg"
"FELIPE MAIA";"FELIPE MAIA";"DEM";"RN";"527540";"2011";"54";"http://www.camara.gov.br/internet/deputado/bandep/141429.jpg"
"BETINHO ROSADO";"BETINHO ROSADO";"PP";"RN";"522860";"2011";"54";"http://www.camara.gov.br/internet/deputado/bandep/74321.jpg"
"ENIO BACCI";"ENIO BACCI";"PDT";"RS";"523088";"2011";"54";"http://www.camara.gov.br/internet/deputado/bandep/73893.jpg"
"VICENTE CANDIDO";"VICENTE CANDIDO";"PT";"SP";"530186";"2011";"54";"http://www.camara.gov.br/internet/deputado/bandep/160622.jpg"
"ANDERSON FERREIRA";"ANDERSON FERREIRA";"PR";"PE";"530104";"2011";"54";"http://www.camara.gov.br/internet/deputado/bandep/160551.jpg"
"CARLOS MELLES";"CARLOS MELLES";"DEM";"MG";"521245";"2011";"54";"http://www.camara.gov.br/internet/deputado/bandep/74651.jpg"
"CELSO MALDANER";"CELSO MALDANER";"PMDB";"SC";"528009";"2011";"54";"http://www.camara.gov.br/internet/deputado/bandep/141405.jpg"
"SANDRA ROSADO";"SANDRA ROSADO";"PSB";"RN";"522843";"2011";"54";"http://www.camara.gov.br/internet/deputado/bandep/74039.jpg"
"DAVI ALCOLUMBRE";"DAVI ALCOLUMBRE";"DEM";"AP";"520221";"2011";"54";"http://www.camara.gov.br/internet/deputado/bandep/73924.jpg"
"MARCELO CASTRO";"MARCELO CASTRO";"PMDB";"PI";"521987";"2011";"54";"http://www.camara.gov.br/internet/deputado/bandep/74460.jpg"
"WALDENOR PEREIRA";"WALDENOR PEREIRA";"PT";"BA";"530022";"2011";"54";"http://www.camara.gov.br/internet/deputado/bandep/160569.jpg"
"COLBERT MARTINS";"COLBERT MARTINS";"PMDB";"BA";"5829196";"2011";"54";"http://www.camara.gov.br/internet/deputado/bandep/74230.jpg"
"MIRO TEIXEIRA";"MIRO TEIXEIRA";"PROS";"RJ";"522296";"2011";"54";"http://www.camara.gov.br/internet/deputado/bandep/74862.jpg"
"CARLOS MAGNO";"CARLOS MAGNO";"PP";"RO";"530149";"2011";"54";"http://www.camara.gov.br/internet/deputado/bandep/160605.jpg"
"RONALDO FONSECA";"RONALDO FONSECA";"PROS";"DF";"530046";"2011";"54";"http://www.camara.gov.br/internet/deputado/bandep/160637.jpg"
"NELSON MARCHEZAN JUNIOR";"NELSON MARCHEZAN JUNIOR";"PSDB";"RS";"530167";"2011";"54";"http://www.camara.gov.br/internet/deputado/bandep/160567.jpg"
"GIACOBO";"GIACOBO";"PR";"PR";"522180";"2011";"54";"http://www.camara.gov.br/internet/deputado/bandep/74383.jpg"
"VICENTINHO";"VICENTINHO";"PT";"SP";"523577";"2011";"54";"http://www.camara.gov.br/internet/deputado/bandep/74283.jpg"
"PEPE VARGAS";"PEPE VARGAS";"PT";"RS";"527813";"2011";"54";"http://www.camara.gov.br/internet/deputado/bandep/141445.jpg"
"DR. GRILO";"DR. GRILO";"SD";"MG";"530072";"2011";"54";"http://www.camara.gov.br/internet/deputado/bandep/160514.jpg"
"LAERCIO OLIVEIRA";"LAERCIO OLIVEIRA";"SD";"SE";"528134";"2011";"54";"http://www.camara.gov.br/internet/deputado/bandep/151208.jpg"
"REINHOLD STEPHANES";"REINHOLD STEPHANES";"PSD";"PR";"522109";"2011";"54";"http://www.camara.gov.br/internet/deputado/bandep/73786.jpg"
"FABIO REIS";"FABIO REIS";"PMDB";"SE";"5829193";"2011";"54";"http://www.camara.gov.br/internet/deputado/bandep/171623.jpg"
"FILIPE PEREIRA";"FILIPE PEREIRA";"PSC";"RJ";"527045";"2011";"54";"http://www.camara.gov.br/internet/deputado/bandep/141433.jpg"
"MAGELA";"MAGELA";"PT";"DF";"525086";"2011";"54";"http://www.camara.gov.br/internet/deputado/bandep/74802.jpg"
"ARACELY DE PAULA";"ARACELY DE PAULA";"PR";"MG";"521241";"2011";"54";"http://www.camara.gov.br/internet/deputado/bandep/74648.jpg"
"BERNARDO SANTANA DE VASCONCELLOS";"BERNARDO SANTANA DE VASCONCELLOS";"PR";"MG";"530074";"2011";"54";"http://www.camara.gov.br/internet/deputado/bandep/109152.jpg"
"AKIRA OTSUBO";"AKIRA OTSUBO";"PMDB";"MS";"5829225";"2011";"54";"http://www.camara.gov.br/internet/deputado/bandep/173269.jpg"
"SUELI VIDIGAL";"SUELI VIDIGAL";"PDT";"ES";"525230";"2011";"54";"http://www.camara.gov.br/internet/deputado/bandep/141548.jpg"
"MARCO TEBALDI";"MARCO TEBALDI";"PSDB";"SC";"530177";"2011";"54";"http://www.camara.gov.br/internet/deputado/bandep/160536.jpg"
"ASSIS DO COUTO";"ASSIS DO COUTO";"PT";"PR";"522071";"2011";"54";"http://www.camara.gov.br/internet/deputado/bandep/74378.jpg"
"ALBERTO FILHO";"ALBERTO FILHO";"PMDB";"MA";"530059";"2011";"54";"http://www.camara.gov.br/internet/deputado/bandep/160582.jpg"
"CLAUDIO CAJADO";"CLAUDIO CAJADO";"DEM";"BA";"520340";"2011";"54";"http://www.camara.gov.br/internet/deputado/bandep/74537.jpg"
"REGUFFE";"REGUFFE";"PDT";"DF";"530042";"2011";"54";"http://www.camara.gov.br/internet/deputado/bandep/89282.jpg"
"MANOEL SALVIANO";"MANOEL SALVIANO";"PSD";"CE";"520518";"2011";"54";"http://www.camara.gov.br/internet/deputado/bandep/74456.jpg"
"LUCIO VIEIRA LIMA";"LUCIO VIEIRA LIMA";"PMDB";"BA";"530026";"2011";"54";"http://www.camara.gov.br/internet/deputado/bandep/94931.jpg"
"ASSIS CARVALHO";"ASSIS CARVALHO";"PT";"PI";"530112";"2011";"54";"http://www.camara.gov.br/internet/deputado/bandep/159237.jpg"
"HENRIQUE AFONSO";"HENRIQUE AFONSO";"PV";"AC";"520015";"2011";"54";"http://www.camara.gov.br/internet/deputado/bandep/73940.jpg"
"ALEXANDRE LEITE";"ALEXANDRE LEITE";"DEM";"SP";"530196";"2011";"54";"http://www.camara.gov.br/internet/deputado/bandep/160545.jpg"
"VALDIVINO DE OLIVEIRA";"VALDIVINO DE OLIVEIRA";"PSDB";"GO";"530998";"2011";"54";"http://www.camara.gov.br/internet/deputado/bandep/162490.jpg"
"IZALCI";"IZALCI";"PSDB";"DF";"525097";"2011";"54";"http://www.camara.gov.br/internet/deputado/bandep/4931.jpg"
"ALCEU MOREIRA";"ALCEU MOREIRA";"PMDB";"RS";"530164";"2011";"54";"http://www.camara.gov.br/internet/deputado/bandep/160559.jpg"
"MILTON MONTI";"MILTON MONTI";"PR";"SP";"523624";"2011";"54";"http://www.camara.gov.br/internet/deputado/bandep/74787.jpg"
"CHICO DAS VERDURAS";"CHICO DAS VERDURAS";"PRP";"RR";"530156";"2011";"54";"http://www.camara.gov.br/internet/deputado/bandep/160634.jpg"
"ARTHUR LIRA";"ARTHUR LIRA";"PP";"AL";"530004";"2011";"54";"http://www.camara.gov.br/internet/deputado/bandep/160541.jpg"
"RICARDO TRIPOLI";"RICARDO TRIPOLI";"PSDB";"SP";"528647";"2011";"54";"http://www.camara.gov.br/internet/deputado/bandep/141472.jpg"
"RUI COSTA";"RUI COSTA";"PT";"BA";"530023";"2011";"54";"http://www.camara.gov.br/internet/deputado/bandep/104254.jpg"
"RENATO MOLLING";"RENATO MOLLING";"PP";"RS";"527952";"2011";"54";"http://www.camara.gov.br/internet/deputado/bandep/141527.jpg"
"BETO MANSUR";"BETO MANSUR";"PRB";"SP";"528887";"2011";"54";"http://www.camara.gov.br/internet/deputado/bandep/73437.jpg"
"CARLOS BEZERRA";"CARLOS BEZERRA";"PMDB";"MT";"526056";"2011";"54";"http://www.camara.gov.br/internet/deputado/bandep/141401.jpg"
"VALADARES FILHO";"VALADARES FILHO";"PSB";"SE";"528107";"2011";"54";"http://www.camara.gov.br/internet/deputado/bandep/141384.jpg"
"VINICIUS GURGEL";"VINICIUS GURGEL";"PR";"AP";"530013";"2011";"54";"http://www.camara.gov.br/internet/deputado/bandep/160591.jpg"
"ARLINDO CHINAGLIA";"ARLINDO CHINAGLIA";"PT";"SP";"523540";"2011";"54";"http://www.camara.gov.br/internet/deputado/bandep/73433.jpg"
"STEFANO AGUIAR";"STEFANO AGUIAR";"PSB";"MG";"531619";"2011";"54";"http://www.camara.gov.br/internet/deputado/bandep/92776.jpg"
"JEAN WYLLYS";"JEAN WYLLYS";"PSOL";"RJ";"530145";"2011";"54";"http://www.camara.gov.br/internet/deputado/bandep/160672.jpg"
"WALTER TOSTA";"WALTER TOSTA";"PSD";"MG";"530076";"2011";"54";"http://www.camara.gov.br/internet/deputado/bandep/160609.jpg"
"RAIMUNDO GOMES DE MATOS";"RAIMUNDO GOMES DE MATOS";"PSDB";"CE";"520511";"2011";"54";"http://www.camara.gov.br/internet/deputado/bandep/74216.jpg"
"HEULER CRUVINEL";"HEULER CRUVINEL";"PSD";"GO";"530056";"2011";"54";"http://www.camara.gov.br/internet/deputado/bandep/160596.jpg"
"ANTONIO BALHMANN";"ANTONIO BALHMANN";"PROS";"CE";"530038";"2011";"54";"http://www.camara.gov.br/internet/deputado/bandep/74213.jpg"
"ARNALDO JARDIM";"ARNALDO JARDIM";"PPS";"SP";"528260";"2011";"54";"http://www.camara.gov.br/internet/deputado/bandep/141391.jpg"
"JAQUELINE RORIZ";"JAQUELINE RORIZ";"PMN";"DF";"530047";"2011";"54";"http://www.camara.gov.br/internet/deputado/bandep/97822.jpg"
"PENNA";"PENNA";"PV";"SP";"530204";"2011";"54";"http://www.camara.gov.br/internet/deputado/bandep/80920.jpg"
"PAULO RUBEM SANTIAGO";"PAULO RUBEM SANTIAGO";"PDT";"PE";"531877";"2011";"54";"http://www.camara.gov.br/internet/deputado/bandep/74047.jpg"
"ASSIS MELO";"ASSIS MELO";"PCdoB";"RS";"530168";"2011";"54";"http://www.camara.gov.br/internet/deputado/bandep/160581.jpg"
"ALEXANDRE ROSO";"ALEXANDRE ROSO";"PSB";"RS";"530165";"2011";"54";"http://www.camara.gov.br/internet/deputado/bandep/160579.jpg"
"RATINHO JUNIOR";"RATINHO JUNIOR";"PSC";"PR";"526627";"2011";"54";"http://www.camara.gov.br/internet/deputado/bandep/141403.jpg"
"JUTAHY JUNIOR";"JUTAHY JUNIOR";"PSDB";"BA";"520403";"2011";"54";"http://www.camara.gov.br/internet/deputado/bandep/74570.jpg"
"RODRIGO GARCIA";"RODRIGO GARCIA";"DEM";"SP";"530197";"2011";"54";"http://www.camara.gov.br/internet/deputado/bandep/88950.jpg"
"ONOFRE SANTO AGOSTINI";"ONOFRE SANTO AGOSTINI";"PSD";"SC";"530175";"2011";"54";"http://www.camara.gov.br/internet/deputado/bandep/160563.jpg"
"LUIZ OTAVIO";"LUIZ OTAVIO";"PMDB";"PA";"531783";"2011";"54";"http://www.camara.gov.br/internet/deputado/bandep/161906.jpg"
"GIOVANNI QUEIROZ";"GIOVANNI QUEIROZ";"PDT";"PA";"526179";"2011";"54";"http://www.camara.gov.br/internet/deputado/bandep/74077.jpg"
"VAZ DE LIMA";"VAZ DE LIMA";"PSDB";"SP";"530210";"2011";"54";"http://www.camara.gov.br/internet/deputado/bandep/160595.jpg"
"DEVANIR RIBEIRO";"DEVANIR RIBEIRO";"PT";"SP";"523570";"2011";"54";"http://www.camara.gov.br/internet/deputado/bandep/74264.jpg"
"PEDRO UCZAI";"PEDRO UCZAI";"PT";"SC";"530171";"2011";"54";"http://www.camara.gov.br/internet/deputado/bandep/160604.jpg"
"FERNANDO FERRO";"FERNANDO FERRO";"PT";"PE";"521798";"2011";"54";"http://www.camara.gov.br/internet/deputado/bandep/74417.jpg"
"ARTHUR OLIVEIRA MAIA";"ARTHUR OLIVEIRA MAIA";"SD";"BA";"530025";"2011";"54";"http://www.camara.gov.br/internet/deputado/bandep/160600.jpg"
"ROBERTO DORNER";"ROBERTO DORNER";"PSD";"MT";"531707";"2011";"54";"http://www.camara.gov.br/internet/deputado/bandep/161903.jpg"
"ALEXANDRE SANTOS";"ALEXANDRE SANTOS";"PMDB";"RJ";"522696";"2011";"54";"http://www.camara.gov.br/internet/deputado/bandep/74830.jpg"
"IVAN VALENTE";"IVAN VALENTE";"PSOL";"SP";"523546";"2011";"54";"http://www.camara.gov.br/internet/deputado/bandep/73531.jpg"
"NILDA GONDIM";"NILDA GONDIM";"PMDB";"PB";"530094";"2011";"54";"http://www.camara.gov.br/internet/deputado/bandep/160564.jpg"
"VANDERLEI MACRIS";"VANDERLEI MACRIS";"PSDB";"SP";"533308";"2011";"54";"http://www.camara.gov.br/internet/deputado/bandep/141553.jpg"
"DALVA FIGUEIREDO";"DALVA FIGUEIREDO";"PT";"AP";"524733";"2011";"54";"http://www.camara.gov.br/internet/deputado/bandep/141502.jpg"
"PASTOR EURICO";"PASTOR EURICO";"PSB";"PE";"530108";"2011";"54";"http://www.camara.gov.br/internet/deputado/bandep/160642.jpg"
"IARA BERNARDI";"IARA BERNARDI";"PT";"SP";"5829192";"2011";"54";"http://www.camara.gov.br/internet/deputado/bandep/74780.jpg"
"GONZAGA PATRIOTA";"GONZAGA PATRIOTA";"PSB";"PE";"521901";"2011";"54";"http://www.camara.gov.br/internet/deputado/bandep/74419.jpg"
"TONINHO PINHEIRO";"TONINHO PINHEIRO";"PP";"MG";"530065";"2011";"54";"http://www.camara.gov.br/internet/deputado/bandep/160611.jpg"
"EFRAIM FILHO";"EFRAIM FILHO";"DEM";"PB";"526284";"2011";"54";"http://www.camara.gov.br/internet/deputado/bandep/141422.jpg"
"ALMEIDA LIMA";"ALMEIDA LIMA";"PMDB";"SE";"530181";"2011";"54";"http://www.camara.gov.br/internet/deputado/bandep/160626.jpg"
"JANDIRA FEGHALI";"JANDIRA FEGHALI";"PCdoB";"RJ";"530146";"2011";"54";"http://www.camara.gov.br/internet/deputado/bandep/74848.jpg"
"RUBENS OTONI";"RUBENS OTONI";"PT";"GO";"520760";"2011";"54";"http://www.camara.gov.br/internet/deputado/bandep/74371.jpg"
"EVANDRO MILHOMEN";"EVANDRO MILHOMEN";"PCdoB";"AP";"520258";"2011";"54";"http://www.camara.gov.br/internet/deputado/bandep/74345.jpg"
"JAIR BOLSONARO";"JAIR BOLSONARO";"PP";"RJ";"522255";"2011";"54";"http://www.camara.gov.br/internet/deputado/bandep/74847.jpg"
"ZECA DIRCEU";"ZECA DIRCEU";"PT";"PR";"530117";"2011";"54";"http://www.camara.gov.br/internet/deputado/bandep/160592.jpg"
"ALEXANDRE SILVEIRA";"ALEXANDRE SILVEIRA";"PSD";"MG";"525513";"2011";"54";"http://www.camara.gov.br/internet/deputado/bandep/141374.jpg"
"AFONSO FLORENCE";"AFONSO FLORENCE";"PT";"BA";"530018";"2011";"54";"http://www.camara.gov.br/internet/deputado/bandep/160508.jpg"
"LUIZ FERNANDO FARIA";"LUIZ FERNANDO FARIA";"PP";"MG";"525797";"2011";"54";"http://www.camara.gov.br/internet/deputado/bandep/141487.jpg"
"JEFFERSON CAMPOS";"JEFFERSON CAMPOS";"PSD";"SP";"523964";"2011";"54";"http://www.camara.gov.br/internet/deputado/bandep/74273.jpg"
"DANILO CABRAL";"DANILO CABRAL";"PSB";"PE";"530107";"2011";"54";"http://www.camara.gov.br/internet/deputado/bandep/160528.jpg"
"RODRIGO DE CASTRO";"RODRIGO DE CASTRO";"PSDB";"MG";"525903";"2011";"54";"http://www.camara.gov.br/internet/deputado/bandep/141531.jpg"
"VALTENIR PEREIRA";"VALTENIR PEREIRA";"PROS";"MT";"526124";"2011";"54";"http://www.camara.gov.br/internet/deputado/bandep/141552.jpg"
"PEDRO CHAVES";"PEDRO CHAVES";"PMDB";"GO";"520787";"2011";"54";"http://www.camara.gov.br/internet/deputado/bandep/74812.jpg"
"OTAVIO LEITE";"OTAVIO LEITE";"PSDB";"RJ";"527369";"2011";"54";"http://www.camara.gov.br/internet/deputado/bandep/141515.jpg"
"CARLOS SAMPAIO";"CARLOS SAMPAIO";"PSDB";"SP";"524095";"2011";"54";"http://www.camara.gov.br/internet/deputado/bandep/74262.jpg"
"ROSE DE FREITAS";"ROSE DE FREITAS";"PMDB";"ES";"520730";"2011";"54";"http://www.camara.gov.br/internet/deputado/bandep/73507.jpg"
"EDSON SILVA";"EDSON SILVA";"PROS";"CE";"530039";"2011";"54";"http://www.camara.gov.br/internet/deputado/bandep/74106.jpg"
"PAULO CESAR QUARTIERO";"PAULO CESAR QUARTIERO";"DEM";"RR";"530155";"2011";"54";"http://www.camara.gov.br/internet/deputado/bandep/160668.jpg"
"MAURO BENEVIDES";"MAURO BENEVIDES";"PMDB";"CE";"520437";"2011";"54";"http://www.camara.gov.br/internet/deputado/bandep/73588.jpg"
"LUIZ CARLOS HAULY";"LUIZ CARLOS HAULY";"PSDB";"PR";"522230";"2011";"54";"http://www.camara.gov.br/internet/deputado/bandep/73778.jpg"
"VANDERLEI SIRAQUE";"VANDERLEI SIRAQUE";"PT";"SP";"533238";"2011";"54";"http://www.camara.gov.br/internet/deputado/bandep/167617.jpg"
"REGINALDO LOPES";"REGINALDO LOPES";"PT";"MG";"521043";"2011";"54";"http://www.camara.gov.br/internet/deputado/bandep/74161.jpg"
"ADRIAN";"ADRIAN";"PMDB";"RJ";"530135";"2011";"54";"http://www.camara.gov.br/internet/deputado/bandep/160577.jpg"
"ANTONIO CARLOS MENDES THAME";"ANTONIO CARLOS MENDES THAME";"PSDB";"SP";"524132";"2011";"54";"http://www.camara.gov.br/internet/deputado/bandep/73584.jpg"
"ARTUR BRUNO";"ARTUR BRUNO";"PT";"CE";"530034";"2011";"54";"http://www.camara.gov.br/internet/deputado/bandep/160678.jpg"
"NELSON MARQUEZELLI";"NELSON MARQUEZELLI";"PTB";"SP";"523597";"2011";"54";"http://www.camara.gov.br/internet/deputado/bandep/73553.jpg"
"SERGIO ZVEITER";"SERGIO ZVEITER";"PSD";"RJ";"530129";"2011";"54";"http://www.camara.gov.br/internet/deputado/bandep/160612.jpg"
"MARINHA RAUPP";"MARINHA RAUPP";"PMDB";"RO";"522922";"2011";"54";"http://www.camara.gov.br/internet/deputado/bandep/74177.jpg"
"EDUARDO CUNHA";"EDUARDO CUNHA";"PMDB";"RJ";"522260";"2011";"54";"http://www.camara.gov.br/internet/deputado/bandep/74173.jpg"
"MARCOS MEDRADO";"MARCOS MEDRADO";"SD";"BA";"524876";"2011";"54";"http://www.camara.gov.br/internet/deputado/bandep/74634.jpg"
"RAUL HENRY";"RAUL HENRY";"PMDB";"PE";"526493";"2011";"54";"http://www.camara.gov.br/internet/deputado/bandep/141523.jpg"
"EDUARDO SCIARRA";"EDUARDO SCIARRA";"PSD";"PR";"522190";"2011";"54";"http://www.camara.gov.br/internet/deputado/bandep/74382.jpg"
"WOLNEY QUEIROZ";"WOLNEY QUEIROZ";"PDT";"PE";"526520";"2011";"54";"http://www.camara.gov.br/internet/deputado/bandep/74439.jpg"
"ARNON BEZERRA";"ARNON BEZERRA";"PTB";"CE";"520515";"2011";"54";"http://www.camara.gov.br/internet/deputado/bandep/74291.jpg"
"LUIZ CARLOS BUSATO";"LUIZ CARLOS BUSATO";"PTB";"RS";"527890";"2011";"54";"http://www.camara.gov.br/internet/deputado/bandep/141485.jpg"
"MANDETTA";"MANDETTA";"DEM";"MS";"530084";"2011";"54";"http://www.camara.gov.br/internet/deputado/bandep/160633.jpg"
"MARCOS MONTES";"MARCOS MONTES";"PSD";"MG";"525821";"2011";"54";"http://www.camara.gov.br/internet/deputado/bandep/141500.jpg"
"VITOR PAULO";"VITOR PAULO";"PRB";"RJ";"530126";"2011";"54";"http://www.camara.gov.br/internet/deputado/bandep/92355.jpg"
"RONALDO BENEDET";"RONALDO BENEDET";"PMDB";"SC";"530172";"2011";"54";"http://www.camara.gov.br/internet/deputado/bandep/160515.jpg"
"GIOVANI CHERINI";"GIOVANI CHERINI";"PDT";"RS";"530159";"2011";"54";"http://www.camara.gov.br/internet/deputado/bandep/160673.jpg"
"LUIS CARLOS HEINZE";"LUIS CARLOS HEINZE";"PP";"RS";"523066";"2011";"54";"http://www.camara.gov.br/internet/deputado/bandep/73483.jpg"
"VILSON COVATTI";"VILSON COVATTI";"PP";"RS";"527977";"2011";"54";"http://www.camara.gov.br/internet/deputado/bandep/141870.jpg"
"MARCELO AGUIAR";"MARCELO AGUIAR";"DEM";"SP";"530192";"2011";"54";"http://www.camara.gov.br/internet/deputado/bandep/160660.jpg"
"MARCON";"MARCON";"PT";"RS";"530162";"2011";"54";"http://www.camara.gov.br/internet/deputado/bandep/160535.jpg"
"ALFREDO KAEFER";"ALFREDO KAEFER";"PSDB";"PR";"526687";"2011";"54";"http://www.camara.gov.br/internet/deputado/bandep/141454.jpg"
"DR. CARLOS ALBERTO";"DR. CARLOS ALBERTO";"PMN";"RJ";"532384";"2011";"54";"http://www.camara.gov.br/internet/deputado/bandep/118384.jpg"
"JOSIAS GOMES";"JOSIAS GOMES";"PT";"BA";"530021";"2011";"54";"http://www.camara.gov.br/internet/deputado/bandep/74141.jpg"
"ANSELMO DE JESUS";"ANSELMO DE JESUS";"PT";"RO";"5829189";"2011";"54";"http://www.camara.gov.br/internet/deputado/bandep/73937.jpg"
"BIFFI";"BIFFI";"PT";"MS";"521434";"2011";"54";"http://www.camara.gov.br/internet/deputado/bandep/74373.jpg"
"LINCOLN PORTELA";"LINCOLN PORTELA";"PR";"MG";"521137";"2011";"54";"http://www.camara.gov.br/internet/deputado/bandep/74585.jpg"
"JAIME MARTINS";"JAIME MARTINS";"PSD";"MG";"521243";"2011";"54";"http://www.camara.gov.br/internet/deputado/bandep/74665.jpg"
"ABELARDO LUPION";"ABELARDO LUPION";"DEM";"PR";"522187";"2011";"54";"http://www.camara.gov.br/internet/deputado/bandep/73764.jpg"
"LOURIVAL MENDES";"LOURIVAL MENDES";"PTdoB";"MA";"530062";"2011";"54";"http://www.camara.gov.br/internet/deputado/bandep/160555.jpg"
"CARLOS SOUZA";"CARLOS SOUZA";"PSD";"AM";"520162";"2011";"54";"http://www.camara.gov.br/internet/deputado/bandep/73934.jpg"
"LUIZ NISHIMORI";"LUIZ NISHIMORI";"PR";"PR";"532007";"2011";"54";"http://www.camara.gov.br/internet/deputado/bandep/162332.jpg"
"MAURO LOPES";"MAURO LOPES";"PMDB";"MG";"521107";"2011";"54";"http://www.camara.gov.br/internet/deputado/bandep/74749.jpg"
"CIDA BORGHETTI";"CIDA BORGHETTI";"PROS";"PR";"530116";"2011";"54";"http://www.camara.gov.br/internet/deputado/bandep/160580.jpg"
"DR. JORGE SILVA";"DR. JORGE SILVA";"PROS";"ES";"530048";"2011";"54";"http://www.camara.gov.br/internet/deputado/bandep/160643.jpg"
"DANIEL ALMEIDA";"DANIEL ALMEIDA";"PCdoB";"BA";"520407";"2011";"54";"http://www.camara.gov.br/internet/deputado/bandep/74060.jpg"
"LEONARDO PICCIANI";"LEONARDO PICCIANI";"PMDB";"RJ";"522398";"2011";"54";"http://www.camara.gov.br/internet/deputado/bandep/74254.jpg"
"HUGO LEAL";"HUGO LEAL";"PROS";"RJ";"527082";"2011";"54";"http://www.camara.gov.br/internet/deputado/bandep/141450.jpg"
"LUIZ COUTO";"LUIZ COUTO";"PT";"PB";"521703";"2011";"54";"http://www.camara.gov.br/internet/deputado/bandep/74041.jpg"
"MAGDA MOFATTO";"MAGDA MOFATTO";"PR";"GO";"534002";"2011";"54";"http://www.camara.gov.br/internet/deputado/bandep/166402.jpg"
"ARIOSTO HOLANDA";"ARIOSTO HOLANDA";"PROS";"CE";"520520";"2011";"54";"http://www.camara.gov.br/internet/deputado/bandep/74103.jpg"
"RUY CARNEIRO";"RUY CARNEIRO";"PSDB";"PB";"530099";"2011";"54";"http://www.camara.gov.br/internet/deputado/bandep/160635.jpg"
"WILSON FILHO";"WILSON FILHO";"PTB";"PB";"530095";"2011";"54";"http://www.camara.gov.br/internet/deputado/bandep/160636.jpg"
"RENZO BRAZ";"RENZO BRAZ";"PP";"MG";"530064";"2011";"54";"http://www.camara.gov.br/internet/deputado/bandep/160654.jpg"
"SABINO CASTELO BRANCO";"SABINO CASTELO BRANCO";"PTB";"AM";"524686";"2011";"54";"http://www.camara.gov.br/internet/deputado/bandep/141522.jpg"
"SUBTENENTE GONZAGA";"SUBTENENTE GONZAGA";"PDT";"MG";"5829238";"2011";"54";"http://www.camara.gov.br/internet/deputado/bandep/177282.jpg"
"EDIO LOPES";"EDIO LOPES";"PMDB";"RR";"527657";"2011";"54";"http://www.camara.gov.br/internet/deputado/bandep/141417.jpg"
"CESAR COLNAGO";"CESAR COLNAGO";"PSDB";"ES";"530052";"2011";"54";"http://www.camara.gov.br/internet/deputado/bandep/160664.jpg"
"GUSTAVO PETTA";"GUSTAVO PETTA";"PCdoB";"SP";"5829232";"2011";"54";"http://www.camara.gov.br/internet/deputado/bandep/176120.jpg"
"DUARTE NOGUEIRA";"DUARTE NOGUEIRA";"PSDB";"SP";"528229";"2011";"54";"http://www.camara.gov.br/internet/deputado/bandep/141385.jpg"
"FELIPE BORNIER";"FELIPE BORNIER";"PSD";"RJ";"527042";"2011";"54";"http://www.camara.gov.br/internet/deputado/bandep/141430.jpg"
"GERALDO RESENDE";"GERALDO RESENDE";"PMDB";"MS";"521466";"2011";"54";"http://www.camara.gov.br/internet/deputado/bandep/74374.jpg"
"PAULO BORNHAUSEN";"PAULO BORNHAUSEN";"PSB";"SC";"528081";"2011";"54";"http://www.camara.gov.br/internet/deputado/bandep/73883.jpg"
"WEVERTON ROCHA";"WEVERTON ROCHA";"PDT";"MA";"531099";"2011";"54";"http://www.camara.gov.br/internet/deputado/bandep/167493.jpg"
"WLADIMIR COSTA";"WLADIMIR COSTA";"SD";"PA";"521607";"2011";"54";"http://www.camara.gov.br/internet/deputado/bandep/73930.jpg"
"EROS BIONDINI";"EROS BIONDINI";"PTB";"MG";"530070";"2011";"54";"http://www.camara.gov.br/internet/deputado/bandep/160640.jpg"
"SALVADOR ZIMBALDI";"SALVADOR ZIMBALDI";"PROS";"SP";"530185";"2011";"54";"http://www.camara.gov.br/internet/deputado/bandep/73559.jpg"
"OSVALDO REIS";"OSVALDO REIS";"PMDB";"TO";"5829194";"2011";"54";"http://www.camara.gov.br/internet/deputado/bandep/74191.jpg"
"GLAUBER BRAGA";"GLAUBER BRAGA";"PSB";"RJ";"527072";"2011";"54";"http://www.camara.gov.br/internet/deputado/bandep/152605.jpg"
"SILVIO COSTA";"SILVIO COSTA";"PSC";"PE";"526509";"2011";"54";"http://www.camara.gov.br/internet/deputado/bandep/4930.jpg"
"PEDRO NOVAIS";"PEDRO NOVAIS";"PMDB";"MA";"520901";"2011";"54";"http://www.camara.gov.br/internet/deputado/bandep/74207.jpg"
"DANRLEI DE DEUS HINTERHOLZ";"DANRLEI DE DEUS HINTERHOLZ";"PSD";"RS";"530163";"2011";"54";"http://www.camara.gov.br/internet/deputado/bandep/160552.jpg"
"GUILHERME MUSSI";"GUILHERME MUSSI";"PP";"SP";"530203";"2011";"54";"http://www.camara.gov.br/internet/deputado/bandep/160667.jpg"
"OSMAR TERRA";"OSMAR TERRA";"PMDB";"RS";"523150";"2011";"54";"http://www.camara.gov.br/internet/deputado/bandep/73692.jpg"
"PASTOR MARCO FELICIANO";"PASTOR MARCO FELICIANO";"PSC";"SP";"530191";"2011";"54";"http://www.camara.gov.br/internet/deputado/bandep/160601.jpg"
"JORGE TADEU MUDALEN";"JORGE TADEU MUDALEN";"DEM";"SP";"528578";"2011";"54";"http://www.camara.gov.br/internet/deputado/bandep/73535.jpg"
"CHICO ALENCAR";"CHICO ALENCAR";"PSOL";"RJ";"522329";"2011";"54";"http://www.camara.gov.br/internet/deputado/bandep/74171.jpg"
"THIAGO PEIXOTO";"THIAGO PEIXOTO";"PSD";"GO";"530054";"2011";"54";"http://www.camara.gov.br/internet/deputado/bandep/160617.jpg"
"PAULO PIMENTA";"PAULO PIMENTA";"PT";"RS";"523094";"2011";"54";"http://www.camara.gov.br/internet/deputado/bandep/74400.jpg"
"DIMAS FABIANO";"DIMAS FABIANO";"PP";"MG";"530063";"2011";"54";"http://www.camara.gov.br/internet/deputado/bandep/160599.jpg"
"LAEL VARELLA";"LAEL VARELLA";"DEM";"MG";"521230";"2011";"54";"http://www.camara.gov.br/internet/deputado/bandep/74742.jpg"
"LEANDRO VILELA";"LEANDRO VILELA";"PMDB";"GO";"520774";"2011";"54";"http://www.camara.gov.br/internet/deputado/bandep/74367.jpg"
"AELTON FREITAS";"AELTON FREITAS";"PR";"MG";"525500";"2011";"54";"http://www.camara.gov.br/internet/deputado/bandep/141372.jpg"
"PAULO FREIRE";"PAULO FREIRE";"PR";"SP";"530194";"2011";"54";"http://www.camara.gov.br/internet/deputado/bandep/160558.jpg"
"CLEBER VERDE";"CLEBER VERDE";"PRB";"MA";"525375";"2011";"54";"http://www.camara.gov.br/internet/deputado/bandep/141408.jpg"
"RONALDO CAIADO";"RONALDO CAIADO";"DEM";"GO";"520831";"2011";"54";"http://www.camara.gov.br/internet/deputado/bandep/74813.jpg"
"OZIEL OLIVEIRA";"OZIEL OLIVEIRA";"PDT";"BA";"530016";"2011";"54";"http://www.camara.gov.br/internet/deputado/bandep/160650.jpg"
"JOVAIR ARANTES";"JOVAIR ARANTES";"PTB";"GO";"520853";"2011";"54";"http://www.camara.gov.br/internet/deputado/bandep/73666.jpg"
"AUGUSTO COUTINHO";"AUGUSTO COUTINHO";"SD";"PE";"530106";"2011";"54";"http://www.camara.gov.br/internet/deputado/bandep/160665.jpg"
"PAUDERNEY AVELINO";"PAUDERNEY AVELINO";"DEM";"AM";"530011";"2011";"54";"http://www.camara.gov.br/internet/deputado/bandep/74095.jpg"
"SANDRO MABEL";"SANDRO MABEL";"PMDB";"GO";"520829";"2011";"54";"http://www.camara.gov.br/internet/deputado/bandep/73676.jpg"
"EDINHO BEZ";"EDINHO BEZ";"PMDB";"SC";"523304";"2011";"54";"http://www.camara.gov.br/internet/deputado/bandep/73793.jpg"
"CAMILO COLA";"CAMILO COLA";"PMDB";"ES";"530941";"2011";"54";"http://www.camara.gov.br/internet/deputado/bandep/141395.jpg"
"LAURIETE";"LAURIETE";"PSC";"ES";"530049";"2011";"54";"http://www.camara.gov.br/internet/deputado/bandep/160534.jpg"
"RENAN FILHO";"RENAN FILHO";"PMDB";"AL";"530007";"2011";"54";"http://www.camara.gov.br/internet/deputado/bandep/160623.jpg"
"ROBERTO TEIXEIRA";"ROBERTO TEIXEIRA";"PP";"PE";"530100";"2011";"54";"http://www.camara.gov.br/internet/deputado/bandep/160652.jpg"
"PAULO ABI-ACKEL";"PAULO ABI-ACKEL";"PSDB";"MG";"525873";"2011";"54";"http://www.camara.gov.br/internet/deputado/bandep/141516.jpg"
"NELSON PELLEGRINO";"NELSON PELLEGRINO";"PT";"BA";"520301";"2011";"54";"http://www.camara.gov.br/internet/deputado/bandep/74571.jpg"
"SARAIVA FELIPE";"SARAIVA FELIPE";"PMDB";"MG";"521130";"2011";"54";"http://www.camara.gov.br/internet/deputado/bandep/74762.jpg"
"LUCI CHOINACKI";"LUCI CHOINACKI";"PT";"SC";"530170";"2011";"54";"http://www.camara.gov.br/internet/deputado/bandep/73474.jpg"
"TIRIRICA";"TIRIRICA";"PR";"SP";"530193";"2011";"54";"http://www.camara.gov.br/internet/deputado/bandep/160976.jpg"
"BETO FARO";"BETO FARO";"PT";"PA";"526207";"2011";"54";"http://www.camara.gov.br/internet/deputado/bandep/141335.jpg"
"NILSON PINTO";"NILSON PINTO";"PSDB";"PA";"521683";"2011";"54";"http://www.camara.gov.br/internet/deputado/bandep/74352.jpg"
"ANDREIA ZITO";"ANDREIA ZITO";"PSDB";"RJ";"526874";"2011";"54";"http://www.camara.gov.br/internet/deputado/bandep/141379.jpg"
"DR. ROSINHA";"DR. ROSINHA";"PT";"PR";"522070";"2011";"54";"http://www.camara.gov.br/internet/deputado/bandep/73459.jpg"
"AFONSO HAMM";"AFONSO HAMM";"PP";"RS";"523068";"2011";"54";"http://www.camara.gov.br/internet/deputado/bandep/136811.jpg"
"RAUL LIMA";"RAUL LIMA";"PP";"RR";"530153";"2011";"54";"http://www.camara.gov.br/internet/deputado/bandep/160656.jpg"
"ERIVELTON SANTANA";"ERIVELTON SANTANA";"PSC";"BA";"530027";"2011";"54";"http://www.camara.gov.br/internet/deputado/bandep/99654.jpg"
"OTONIEL LIMA";"OTONIEL LIMA";"PRB";"SP";"530183";"2011";"54";"http://www.camara.gov.br/internet/deputado/bandep/160540.jpg"
"LUIZA ERUNDINA";"LUIZA ERUNDINA";"PSB";"SP";"523941";"2011";"54";"http://www.camara.gov.br/internet/deputado/bandep/74784.jpg"
"ALEX CANZIANI";"ALEX CANZIANI";"PTB";"PR";"522236";"2011";"54";"http://www.camara.gov.br/internet/deputado/bandep/73458.jpg"
"CHICO LOPES";"CHICO LOPES";"PCdoB";"CE";"524985";"2011";"54";"http://www.camara.gov.br/internet/deputado/bandep/141440.jpg"
"LUIZ CARLOS";"LUIZ CARLOS";"PSDB";"AP";"530014";"2011";"54";"http://www.camara.gov.br/internet/deputado/bandep/160645.jpg"
"JULIO LOPES";"JULIO LOPES";"PP";"RJ";"530127";"2011";"54";"http://www.camara.gov.br/internet/deputado/bandep/74253.jpg"
"ALICE PORTUGAL";"ALICE PORTUGAL";"PCdoB";"BA";"520406";"2011";"54";"http://www.camara.gov.br/internet/deputado/bandep/74057.jpg"
"VILALBA";"VILALBA";"PP";"PE";"531878";"2011";"54";"http://www.camara.gov.br/internet/deputado/bandep/163322.jpg"
"DR. ADILSON SOARES";"DR. ADILSON SOARES";"PR";"RJ";"526835";"2011";"54";"http://www.camara.gov.br/internet/deputado/bandep/141371.jpg"
"MARCIO JUNQUEIRA";"MARCIO JUNQUEIRA";"PROS";"RR";"5829212";"2011";"54";"http://www.camara.gov.br/internet/deputado/bandep/141496.jpg"
"MARCIO BITTAR";"MARCIO BITTAR";"PSDB";"AC";"530003";"2011";"54";"http://www.camara.gov.br/internet/deputado/bandep/74363.jpg"
"STEPAN NERCESSIAN";"STEPAN NERCESSIAN";"PPS";"RJ";"530140";"2011";"54";"http://www.camara.gov.br/internet/deputado/bandep/160627.jpg"
"EDSON EZEQUIEL";"EDSON EZEQUIEL";"PMDB";"RJ";"522608";"2011";"54";"http://www.camara.gov.br/internet/deputado/bandep/74838.jpg"
"ODAIR CUNHA";"ODAIR CUNHA";"PT";"MG";"521038";"2011";"54";"http://www.camara.gov.br/internet/deputado/bandep/74159.jpg"
"WELLINGTON ROBERTO";"WELLINGTON ROBERTO";"PR";"PB";"521710";"2011";"54";"http://www.camara.gov.br/internet/deputado/bandep/74043.jpg"
"ANTONIO BRITO";"ANTONIO BRITO";"PTB";"BA";"530024";"2011";"54";"http://www.camara.gov.br/internet/deputado/bandep/160553.jpg"
"ADEMIR CAMILO";"ADEMIR CAMILO";"PROS";"MG";"521210";"2011";"54";"http://www.camara.gov.br/internet/deputado/bandep/133374.jpg"
"NELSON MEURER";"NELSON MEURER";"PP";"PR";"522040";"2011";"54";"http://www.camara.gov.br/internet/deputado/bandep/73781.jpg"
"ONYX LORENZONI";"ONYX LORENZONI";"DEM";"RS";"523198";"2011";"54";"http://www.camara.gov.br/internet/deputado/bandep/74399.jpg"
"MOREIRA MENDES";"MOREIRA MENDES";"PSD";"RO";"527640";"2011";"54";"http://www.camara.gov.br/internet/deputado/bandep/141537.jpg"
"MARCUS PESTANA";"MARCUS PESTANA";"PSDB";"MG";"530078";"2011";"54";"http://www.camara.gov.br/internet/deputado/bandep/159238.jpg"
"NEWTON CARDOSO";"NEWTON CARDOSO";"PMDB";"MG";"530071";"2011";"54";"http://www.camara.gov.br/internet/deputado/bandep/74750.jpg"
"WELITON PRADO";"WELITON PRADO";"PT";"MG";"530069";"2011";"54";"http://www.camara.gov.br/internet/deputado/bandep/160518.jpg"
"PAES LANDIM";"PAES LANDIM";"PTB";"PI";"522008";"2011";"54";"http://www.camara.gov.br/internet/deputado/bandep/74319.jpg"
"GABRIEL CHALITA";"GABRIEL CHALITA";"PMDB";"SP";"530201";"2011";"54";"http://www.camara.gov.br/internet/deputado/bandep/160537.jpg"
"PAULO WAGNER";"PAULO WAGNER";"PV";"RN";"530148";"2011";"54";"http://www.camara.gov.br/internet/deputado/bandep/160593.jpg"
"MARCELO MATOS";"MARCELO MATOS";"PDT";"RJ";"530128";"2011";"54";"http://www.camara.gov.br/internet/deputado/bandep/76287.jpg"
"AMIR LANDO";"AMIR LANDO";"PMDB";"RO";"5829229";"2011";"54";"http://www.camara.gov.br/internet/deputado/bandep/174861.jpg"
"PEDRO PAULO";"PEDRO PAULO";"PMDB";"RJ";"530133";"2011";"54";"http://www.camara.gov.br/internet/deputado/bandep/122158.jpg"
"MANUEL ROSA NECA";"MANUEL ROSA NECA";"PR";"RJ";"5829188";"2011";"54";"http://www.camara.gov.br/internet/deputado/bandep/171622.jpg"
"DR. UBIALI";"DR. UBIALI";"PSB";"SP";"533383";"2011";"54";"http://www.camara.gov.br/internet/deputado/bandep/141498.jpg"
"JHONATAN DE JESUS";"JHONATAN DE JESUS";"PRB";"RR";"530152";"2011";"54";"http://www.camara.gov.br/internet/deputado/bandep/160531.jpg"
"PAULO FOLETTO";"PAULO FOLETTO";"PSB";"ES";"530051";"2011";"54";"http://www.camara.gov.br/internet/deputado/bandep/160517.jpg"
"DUDIMAR PAXIUBA";"DUDIMAR PAXIUBA";"PROS";"PA";"531760";"2011";"54";"http://www.camara.gov.br/internet/deputado/bandep/161904.jpg"
"EUDES XAVIER";"EUDES XAVIER";"PT";"CE";"524943";"2011";"54";"http://www.camara.gov.br/internet/deputado/bandep/141386.jpg"
"KEIKO OTA";"KEIKO OTA";"PSB";"SP";"530202";"2011";"54";"http://www.camara.gov.br/internet/deputado/bandep/160659.jpg"
"BENEDITA DA SILVA";"BENEDITA DA SILVA";"PT";"RJ";"530131";"2011";"54";"http://www.camara.gov.br/internet/deputado/bandep/73701.jpg"
"IRACEMA PORTELLA";"IRACEMA PORTELLA";"PP";"PI";"530111";"2011";"54";"http://www.camara.gov.br/internet/deputado/bandep/67138.jpg"
"ERIKA KOKAY";"ERIKA KOKAY";"PT";"DF";"530044";"2011";"54";"http://www.camara.gov.br/internet/deputado/bandep/160575.jpg"
"VANDER LOUBET";"VANDER LOUBET";"PT";"MS";"521435";"2011";"54";"http://www.camara.gov.br/internet/deputado/bandep/74376.jpg"
"PAULO MALUF";"PAULO MALUF";"PP";"SP";"528890";"2011";"54";"http://www.camara.gov.br/internet/deputado/bandep/132056.jpg"
"GENECIAS NORONHA";"GENECIAS NORONHA";"SD";"CE";"530037";"2011";"54";"http://www.camara.gov.br/internet/deputado/bandep/160669.jpg"
"JANETE CAPIBERIBE";"JANETE CAPIBERIBE";"PSB";"AP";"520257";"2011";"54";"http://www.camara.gov.br/internet/deputado/bandep/73926.jpg"
"AROLDE DE OLIVEIRA";"AROLDE DE OLIVEIRA";"PSD";"RJ";"522534";"2011";"54";"http://www.camara.gov.br/internet/deputado/bandep/74833.jpg"
"BRUNA FURLAN";"BRUNA FURLAN";"PSDB";"SP";"530211";"2011";"54";"http://www.camara.gov.br/internet/deputado/bandep/160589.jpg"
"FERNANDO FRANCISCHINI";"FERNANDO FRANCISCHINI";"SD";"PR";"530125";"2011";"54";"http://www.camara.gov.br/internet/deputado/bandep/160646.jpg"
"HERMES PARCIANELLO";"HERMES PARCIANELLO";"PMDB";"PR";"522119";"2011";"54";"http://www.camara.gov.br/internet/deputado/bandep/73772.jpg"
"ABELARDO CAMARINHA";"ABELARDO CAMARINHA";"PSB";"SP";"528580";"2011";"54";"http://www.camara.gov.br/internet/deputado/bandep/141463.jpg"
"NILMARIO MIRANDA";"NILMARIO MIRANDA";"PT";"MG";"5829185";"2011";"54";"http://www.camara.gov.br/internet/deputado/bandep/74751.jpg"
"JOAO RODRIGUES";"JOAO RODRIGUES";"PSD";"SC";"530174";"2011";"54";"http://www.camara.gov.br/internet/deputado/bandep/160571.jpg"
"DECIO LIMA";"DECIO LIMA";"PT";"SC";"528021";"2011";"54";"http://www.camara.gov.br/internet/deputado/bandep/141413.jpg"
"ATILA LINS";"ATILA LINS";"PSD";"AM";"520172";"2011";"54";"http://www.camara.gov.br/internet/deputado/bandep/74090.jpg"
"LUIZ ARGOLO";"LUIZ ARGOLO";"SD";"BA";"530015";"2011";"54";"http://www.camara.gov.br/internet/deputado/bandep/160547.jpg"
"ARNALDO FARIA DE SA";"ARNALDO FARIA DE SA";"PTB";"SP";"523606";"2011";"54";"http://www.camara.gov.br/internet/deputado/bandep/73434.jpg"
"MARCIO MACEDO";"MARCIO MACEDO";"PT";"SE";"530180";"2011";"54";"http://www.camara.gov.br/internet/deputado/bandep/160542.jpg"
"BRUNO ARAUJO";"BRUNO ARAUJO";"PSDB";"PE";"526364";"2011";"54";"http://www.camara.gov.br/internet/deputado/bandep/141394.jpg"
"SIBA MACHADO";"SIBA MACHADO";"PT";"AC";"530001";"2011";"54";"http://www.camara.gov.br/internet/deputado/bandep/160613.jpg"
"ESPERIDIAO AMIN";"ESPERIDIAO AMIN";"PP";"SC";"530169";"2011";"54";"http://www.camara.gov.br/internet/deputado/bandep/160649.jpg"
"JOSE NUNES";"JOSE NUNES";"PSD";"BA";"530029";"2011";"54";"http://www.camara.gov.br/internet/deputado/bandep/160619.jpg"
"ANDRE ZACHAROW";"ANDRE ZACHAROW";"PMDB";"PR";"522059";"2011";"54";"http://www.camara.gov.br/internet/deputado/bandep/74377.jpg"
"SAGUAS MORAES";"SAGUAS MORAES";"PT";"MT";"530086";"2011";"54";"http://www.camara.gov.br/internet/deputado/bandep/160630.jpg"
"FRANCISCO ESCORCIO";"FRANCISCO ESCORCIO";"PMDB";"MA";"531070";"2011";"54";"http://www.camara.gov.br/internet/deputado/bandep/137983.jpg"
"JOSE AIRTON";"JOSE AIRTON";"PT";"CE";"525000";"2011";"54";"http://www.camara.gov.br/internet/deputado/bandep/141464.jpg"
"DELEGADO PROTOGENES";"DELEGADO PROTOGENES";"PCdoB";"SP";"530212";"2011";"54";"http://www.camara.gov.br/internet/deputado/bandep/160606.jpg"
"FRANCISCO TENORIO";"FRANCISCO TENORIO";"PMN";"AL";"5829181";"2011";"54";"http://www.camara.gov.br/internet/deputado/bandep/141467.jpg"
"SIMAO SESSIM";"SIMAO SESSIM";"PP";"RJ";"522258";"2011";"54";"http://www.camara.gov.br/internet/deputado/bandep/73424.jpg"
"MENDONCA FILHO";"MENDONCA FILHO";"DEM";"PE";"530105";"2011";"54";"http://www.camara.gov.br/internet/deputado/bandep/74428.jpg"
"JOAO CAMPOS";"JOAO CAMPOS";"PSDB";"GO";"520857";"2011";"54";"http://www.camara.gov.br/internet/deputado/bandep/74366.jpg"
"CARLOS BRANDAO";"CARLOS BRANDAO";"PSDB";"MA";"525372";"2011";"54";"http://www.camara.gov.br/internet/deputado/bandep/141402.jpg"
"JOSE HUMBERTO";"JOSE HUMBERTO";"PSD";"MG";"530075";"2011";"54";"http://www.camara.gov.br/internet/deputado/bandep/160396.jpg"
"DARCISIO PERONDI";"DARCISIO PERONDI";"PMDB";"RS";"523144";"2011";"54";"http://www.camara.gov.br/internet/deputado/bandep/73891.jpg"
"JOSE MENTOR";"JOSE MENTOR";"PT";"SP";"523548";"2011";"54";"http://www.camara.gov.br/internet/deputado/bandep/74275.jpg"
"JO MORAES";"JO MORAES";"PCdoB";"MG";"525831";"2011";"54";"http://www.camara.gov.br/internet/deputado/bandep/141503.jpg"
"VALMIR ASSUNCAO";"VALMIR ASSUNCAO";"PT";"BA";"530019";"2011";"54";"http://www.camara.gov.br/internet/deputado/bandep/160610.jpg"
"JULIO CESAR";"JULIO CESAR";"PSD";"PI";"522014";"2011";"54";"http://www.camara.gov.br/internet/deputado/bandep/74317.jpg"
"ROGERIO PENINHA MENDONCA";"ROGERIO PENINHA MENDONCA";"PMDB";"SC";"530173";"2011";"54";"http://www.camara.gov.br/internet/deputado/bandep/160651.jpg"
"EDINHO ARAUJO";"EDINHO ARAUJO";"PMDB";"SP";"530190";"2011";"54";"http://www.camara.gov.br/internet/deputado/bandep/73447.jpg"
"JOAO ANANIAS";"JOAO ANANIAS";"PCdoB";"CE";"530041";"2011";"54";"http://www.camara.gov.br/internet/deputado/bandep/160574.jpg"
"RENATO SIMOES";"RENATO SIMOES";"PT";"SP";"5829230";"2011";"54";"http://www.camara.gov.br/internet/deputado/bandep/175212.jpg"
"PEDRO EUGENIO";"PEDRO EUGENIO";"PT";"PE";"526489";"2011";"54";"http://www.camara.gov.br/internet/deputado/bandep/74556.jpg"
"JOAO LEAO";"JOAO LEAO";"PP";"BA";"520277";"2011";"54";"http://www.camara.gov.br/internet/deputado/bandep/74550.jpg"
"FATIMA PELAES";"FATIMA PELAES";"PMDB";"AP";"524709";"2011";"54";"http://www.camara.gov.br/internet/deputado/bandep/74065.jpg"
"ANTONIO BULHOES";"ANTONIO BULHOES";"PRB";"SP";"528219";"2011";"54";"http://www.camara.gov.br/internet/deputado/bandep/141383.jpg"
"JOSE PRIANTE";"JOSE PRIANTE";"PMDB";"PA";"530091";"2011";"54";"http://www.camara.gov.br/internet/deputado/bandep/74079.jpg"
"EURICO JUNIOR";"EURICO JUNIOR";"PV";"RJ";"5829187";"2011";"54";"http://www.camara.gov.br/internet/deputado/bandep/171621.jpg"
"WALDIR MARANHAO";"WALDIR MARANHAO";"PP";"MA";"525478";"2011";"54";"http://www.camara.gov.br/internet/deputado/bandep/141558.jpg"
"MISSIONARIO JOSE OLIMPIO";"MISSIONARIO JOSE OLIMPIO";"PP";"SP";"530184";"2011";"54";"http://www.camara.gov.br/internet/deputado/bandep/160561.jpg"
"GASTAO VIEIRA";"GASTAO VIEIRA";"PMDB";"MA";"520904";"2011";"54";"http://www.camara.gov.br/internet/deputado/bandep/74200.jpg"
"JOAO PAULO LIMA";"JOAO PAULO LIMA";"PT";"PE";"530101";"2011";"54";"http://www.camara.gov.br/internet/deputado/bandep/160549.jpg"
"ANTONIO ANDRADE";"ANTONIO ANDRADE";"PMDB";"MG";"525539";"2011";"54";"http://www.camara.gov.br/internet/deputado/bandep/141387.jpg"
"JANIO NATAL";"JANIO NATAL";"PRP";"BA";"530030";"2011";"54";"http://www.camara.gov.br/internet/deputado/bandep/160675.jpg"
"FABIO FARIA";"FABIO FARIA";"PSD";"RN";"527539";"2011";"54";"http://www.camara.gov.br/internet/deputado/bandep/141428.jpg"
"PAULAO";"PAULAO";"PT";"AL";"5829182";"2011";"54";"http://www.camara.gov.br/internet/deputado/bandep/171617.jpg"
"SEBASTIAO BALA ROCHA";"SEBASTIAO BALA ROCHA";"SD";"AP";"524745";"2011";"54";"http://www.camara.gov.br/internet/deputado/bandep/141539.jpg"
"FLAVIA MORAIS";"FLAVIA MORAIS";"PDT";"GO";"530053";"2011";"54";"http://www.camara.gov.br/internet/deputado/bandep/160598.jpg"
"CESAR HALUM";"CESAR HALUM";"PRB";"TO";"530215";"2011";"54";"http://www.camara.gov.br/internet/deputado/bandep/160576.jpg"
"SANDES JUNIOR";"SANDES JUNIOR";"PP";"GO";"520741";"2011";"54";"http://www.camara.gov.br/internet/deputado/bandep/74372.jpg"
"FABIO SOUTO";"FABIO SOUTO";"DEM";"BA";"520353";"2011";"54";"http://www.camara.gov.br/internet/deputado/bandep/74062.jpg"
"GERALDO SIMOES";"GERALDO SIMOES";"PT";"BA";"524817";"2011";"54";"http://www.camara.gov.br/internet/deputado/bandep/74566.jpg"
"JULIO CAMPOS";"JULIO CAMPOS";"DEM";"MT";"530087";"2011";"54";"http://www.camara.gov.br/internet/deputado/bandep/160519.jpg"
"ALINE CORREA";"ALINE CORREA";"PP";"SP";"528183";"2011";"54";"http://www.camara.gov.br/internet/deputado/bandep/141375.jpg"
"JERONIMO GOERGEN";"JERONIMO GOERGEN";"PP";"RS";"530158";"2011";"54";"http://www.camara.gov.br/internet/deputado/bandep/160570.jpg"
"JORGE CORTE REAL";"JORGE CORTE REAL";"PTB";"PE";"530102";"2011";"54";"http://www.camara.gov.br/internet/deputado/bandep/160572.jpg"
"PERPETUA ALMEIDA";"PERPETUA ALMEIDA";"PCdoB";"AC";"520068";"2011";"54";"http://www.camara.gov.br/internet/deputado/bandep/73943.jpg"
"JOSE ANIBAL";"JOSE ANIBAL";"PSDB";"SP";"528586";"2011";"54";"http://www.camara.gov.br/internet/deputado/bandep/73536.jpg"
"MARCIO FRANCA";"MARCIO FRANCA";"PSB";"SP";"528753";"2011";"54";"http://www.camara.gov.br/internet/deputado/bandep/141497.jpg"
"JOAO ARRUDA";"JOAO ARRUDA";"PMDB";"PR";"530118";"2011";"54";"http://www.camara.gov.br/internet/deputado/bandep/160573.jpg"
"IRIS DE ARAUJO";"IRIS DE ARAUJO";"PMDB";"GO";"525279";"2011";"54";"http://www.camara.gov.br/internet/deputado/bandep/141453.jpg"
"ANDRE DE PAULA";"ANDRE DE PAULA";"PSD";"PE";"5829234";"2011";"54";"http://www.camara.gov.br/internet/deputado/bandep/74471.jpg"
"BONIFACIO DE ANDRADA";"BONIFACIO DE ANDRADA";"PSDB";"MG";"531197";"2011";"54";"http://www.camara.gov.br/internet/deputado/bandep/74650.jpg"
"PADRE JOAO";"PADRE JOAO";"PT";"MG";"530068";"2011";"54";"http://www.camara.gov.br/internet/deputado/bandep/160556.jpg"
"INOCENCIO OLIVEIRA";"INOCENCIO OLIVEIRA";"PR";"PE";"521856";"2011";"54";"http://www.camara.gov.br/internet/deputado/bandep/74421.jpg"
"JOAO MAIA";"JOAO MAIA";"PR";"RN";"527550";"2011";"54";"http://www.camara.gov.br/internet/deputado/bandep/141459.jpg"
"SILAS CAMARA";"SILAS CAMARA";"PSD";"AM";"520152";"2011";"54";"http://www.camara.gov.br/internet/deputado/bandep/74356.jpg"
"JAIRO ATAIDE";"JAIRO ATAIDE";"DEM";"MG";"531199";"2011";"54";"http://www.camara.gov.br/internet/deputado/bandep/3151.jpg"
"LAZARO BOTELHO";"LAZARO BOTELHO";"PP";"TO";"529135";"2011";"54";"http://www.camara.gov.br/internet/deputado/bandep/141480.jpg"
"FELIX MENDONCA JUNIOR";"FELIX MENDONCA JUNIOR";"PDT";"BA";"530017";"2011";"54";"http://www.camara.gov.br/internet/deputado/bandep/160666.jpg"
"JOSE CARLOS ARAUJO";"JOSE CARLOS ARAUJO";"PSD";"BA";"520332";"2011";"54";"http://www.camara.gov.br/internet/deputado/bandep/74140.jpg"
"HELIO SANTOS";"HELIO SANTOS";"PSDB";"MA";"530061";"2011";"54";"http://www.camara.gov.br/internet/deputado/bandep/160590.jpg"
"PAULO MAGALHAES";"PAULO MAGALHAES";"PSD";"BA";"520343";"2011";"54";"http://www.camara.gov.br/internet/deputado/bandep/74574.jpg"
"WANDENKOLK GONCALVES";"WANDENKOLK GONCALVES";"PSDB";"PA";"526260";"2011";"54";"http://www.camara.gov.br/internet/deputado/bandep/141561.jpg"
"JOAO PIZZOLATTI";"JOAO PIZZOLATTI";"PP";"SC";"523257";"2011";"54";"http://www.camara.gov.br/internet/deputado/bandep/73874.jpg"
"MARCOS ROGERIO";"MARCOS ROGERIO";"PDT";"RO";"532900";"2011";"54";"http://www.camara.gov.br/internet/deputado/bandep/167722.jpg"
"GIVALDO CARIMBAO";"GIVALDO CARIMBAO";"PROS";"AL";"520124";"2011";"54";"http://www.camara.gov.br/internet/deputado/bandep/74558.jpg"
"FABIO TRAD";"FABIO TRAD";"PMDB";"MS";"530082";"2011";"54";"http://www.camara.gov.br/internet/deputado/bandep/160587.jpg"
"PAULO FEIJO";"PAULO FEIJO";"PR";"RJ";"532214";"2011";"54";"http://www.camara.gov.br/internet/deputado/bandep/74017.jpg"
"DAVI ALVES SILVA JUNIOR";"DAVI ALVES SILVA JUNIOR";"PR";"MA";"531069";"2011";"54";"http://www.camara.gov.br/internet/deputado/bandep/141412.jpg"
"ZE VIEIRA";"ZE VIEIRA";"PROS";"MA";"525440";"2011";"54";"http://www.camara.gov.br/internet/deputado/bandep/152607.jpg"
"JOAO DADO";"JOAO DADO";"SD";"SP";"528553";"2011";"54";"http://www.camara.gov.br/internet/deputado/bandep/73682.jpg"
"MARCIO MARINHO";"MARCIO MARINHO";"PRB";"BA";"524874";"2011";"54";"http://www.camara.gov.br/internet/deputado/bandep/150418.jpg"
"MENDONCA PRADO";"MENDONCA PRADO";"DEM";"SE";"523410";"2011";"54";"http://www.camara.gov.br/internet/deputado/bandep/74056.jpg"
"ANGELO AGNOLIN";"ANGELO AGNOLIN";"PDT";"TO";"530213";"2011";"54";"http://www.camara.gov.br/internet/deputado/bandep/160638.jpg"
"ROMARIO";"ROMARIO";"PSB";"RJ";"530142";"2011";"54";"http://www.camara.gov.br/internet/deputado/bandep/160597.jpg"
"FATIMA BEZERRA";"FATIMA BEZERRA";"PT";"RN";"522825";"2011";"54";"http://www.camara.gov.br/internet/deputado/bandep/74037.jpg"
"ANTONIA LUCIA";"ANTONIA LUCIA";"PSC";"AC";"530002";"2011";"54";"http://www.camara.gov.br/internet/deputado/bandep/123756.jpg"
"LEONARDO QUINTAO";"LEONARDO QUINTAO";"PMDB";"MG";"525771";"2011";"54";"http://www.camara.gov.br/internet/deputado/bandep/141482.jpg"
"LUCIO VALE";"LUCIO VALE";"PR";"PA";"526213";"2011";"54";"http://www.camara.gov.br/internet/deputado/bandep/141484.jpg"
"EMILIANO JOSE";"EMILIANO JOSE";"PT";"BA";"530660";"2011";"54";"http://www.camara.gov.br/internet/deputado/bandep/154997.jpg"
"CLAUDIO PUTY";"CLAUDIO PUTY";"PT";"PA";"530088";"2011";"54";"http://www.camara.gov.br/internet/deputado/bandep/160557.jpg"
"JOSE LINHARES";"JOSE LINHARES";"PP";"CE";"520409";"2011";"54";"http://www.camara.gov.br/internet/deputado/bandep/74297.jpg"
"JANETE ROCHA PIETA";"JANETE ROCHA PIETA";"PT";"SP";"528531";"2011";"54";"http://www.camara.gov.br/internet/deputado/bandep/141455.jpg"
"DR. PAULO CESAR";"DR. PAULO CESAR";"PR";"RJ";"527378";"2011";"54";"http://www.camara.gov.br/internet/deputado/bandep/147975.jpg"
"LUIZ SERGIO";"LUIZ SERGIO";"PT";"RJ";"522334";"2011";"54";"http://www.camara.gov.br/internet/deputado/bandep/74688.jpg"
"JOSE CHAVES";"JOSE CHAVES";"PTB";"PE";"521816";"2011";"54";"http://www.camara.gov.br/internet/deputado/bandep/74423.jpg"
"JOAO LYRA";"JOAO LYRA";"PSD";"AL";"530006";"2011";"54";"http://www.camara.gov.br/internet/deputado/bandep/74049.jpg"
"JUNIOR COIMBRA";"JUNIOR COIMBRA";"PMDB";"TO";"530214";"2011";"54";"http://www.camara.gov.br/internet/deputado/bandep/160648.jpg"
"IRAJA ABREU";"IRAJA ABREU";"PSD";"TO";"530216";"2011";"54";"http://www.camara.gov.br/internet/deputado/bandep/81232.jpg"
"JOSE GUIMARAES";"JOSE GUIMARAES";"PT";"CE";"525011";"2011";"54";"http://www.camara.gov.br/internet/deputado/bandep/141470.jpg"
"MAURICIO QUINTELLA LESSA";"MAURICIO QUINTELLA LESSA";"PR";"AL";"520128";"2011";"54";"http://www.camara.gov.br/internet/deputado/bandep/74050.jpg"
"JOAO BITTAR";"JOAO BITTAR";"DEM";"MG";"531198";"2011";"54";"http://www.camara.gov.br/internet/deputado/bandep/141457.jpg"
"BENJAMIN MARANHAO";"BENJAMIN MARANHAO";"SD";"PB";"530097";"2011";"54";"http://www.camara.gov.br/internet/deputado/bandep/74040.jpg"
"SERGIO MORAES";"SERGIO MORAES";"PTB";"RS";"527964";"2011";"54";"http://www.camara.gov.br/internet/deputado/bandep/141542.jpg"
"ROGERIO CARVALHO";"ROGERIO CARVALHO";"PT";"SE";"530179";"2011";"54";"http://www.camara.gov.br/internet/deputado/bandep/160568.jpg"
"DAMIAO FELICIANO";"DAMIAO FELICIANO";"PDT";"PB";"521713";"2011";"54";"http://www.camara.gov.br/internet/deputado/bandep/74467.jpg"
"ZE SILVA";"ZE SILVA";"SD";"MG";"530066";"2011";"54";"http://www.camara.gov.br/internet/deputado/bandep/160632.jpg"
"ANDRE FIGUEIREDO";"ANDRE FIGUEIREDO";"PDT";"CE";"530033";"2011";"54";"http://www.camara.gov.br/internet/deputado/bandep/133439.jpg"
"JOAO MAGALHAES";"JOAO MAGALHAES";"PMDB";"MG";"521109";"2011";"54";"http://www.camara.gov.br/internet/deputado/bandep/74120.jpg"
"JOAO CARLOS BACELAR";"JOAO CARLOS BACELAR";"PR";"BA";"524833";"2011";"54";"http://www.camara.gov.br/internet/deputado/bandep/141458.jpg"
"MARIO FEITOZA";"MARIO FEITOZA";"PMDB";"CE";"530829";"2011";"54";"http://www.camara.gov.br/internet/deputado/bandep/168447.jpg"
"MAJOR FABIO";"MAJOR FABIO";"PROS";"PB";"5829172";"2011";"54";"http://www.camara.gov.br/internet/deputado/bandep/149327.jpg"
"FABIO RAMALHO";"FABIO RAMALHO";"PV";"MG";"525627";"2011";"54";"http://www.camara.gov.br/internet/deputado/bandep/141427.jpg"
"JOSE AUGUSTO MAIA";"JOSE AUGUSTO MAIA";"PROS";"PE";"530103";"2011";"54";"http://www.camara.gov.br/internet/deputado/bandep/160661.jpg"
"LUIS TIBE";"LUIS TIBE";"PTdoB";"MG";"530081";"2011";"54";"http://www.camara.gov.br/internet/deputado/bandep/160510.jpg"
"JOSE CARLOS VIEIRA";"JOSE CARLOS VIEIRA";"PSD";"SC";"5829236";"2011";"54";"http://www.camara.gov.br/internet/deputado/bandep/73875.jpg"
"JOSE ROCHA";"JOSE ROCHA";"PR";"BA";"520341";"2011";"54";"http://www.camara.gov.br/internet/deputado/bandep/74554.jpg"
"CANDIDO VACCAREZZA";"CANDIDO VACCAREZZA";"PT";"SP";"528280";"2011";"54";"http://www.camara.gov.br/internet/deputado/bandep/141396.jpg"
"JOAO CALDAS";"JOAO CALDAS";"SD";"AL";"5829170";"2011";"54";"http://www.camara.gov.br/internet/deputado/bandep/74559.jpg"
"MARGARIDA SALOMAO";"MARGARIDA SALOMAO";"PT";"MG";"5829184";"2011";"54";"http://www.camara.gov.br/internet/deputado/bandep/171619.jpg"
"JOSE STEDILE";"JOSE STEDILE";"PSB";"RS";"530166";"2011";"54";"http://www.camara.gov.br/internet/deputado/bandep/160607.jpg"
"MARCAL FILHO";"MARCAL FILHO";"PMDB";"MS";"526015";"2011";"54";"http://www.camara.gov.br/internet/deputado/bandep/74124.jpg"
"ANIBAL GOMES";"ANIBAL GOMES";"PMDB";"CE";"520429";"2011";"54";"http://www.camara.gov.br/internet/deputado/bandep/74212.jpg"
"ODILIO BALBINOTTI";"ODILIO BALBINOTTI";"PMDB";"PR";"531977";"2011";"54";"http://www.camara.gov.br/internet/deputado/bandep/73782.jpg"
"JOSE OTAVIO GERMANO";"JOSE OTAVIO GERMANO";"PP";"RS";"523061";"2011";"54";"http://www.camara.gov.br/internet/deputado/bandep/74395.jpg"
"SIMPLICIO ARAUJO";"SIMPLICIO ARAUJO";"SD";"MA";"531124";"2011";"54";"http://www.camara.gov.br/internet/deputado/bandep/168175.jpg"
"DOMINGOS SAVIO";"DOMINGOS SAVIO";"PSDB";"MG";"530079";"2011";"54";"http://www.camara.gov.br/internet/deputado/bandep/160758.jpg"
"LILIAM SA";"LILIAM SA";"PROS";"RJ";"530136";"2011";"54";"http://www.camara.gov.br/internet/deputado/bandep/160533.jpg"
"JOSUE BENGTSON";"JOSUE BENGTSON";"PTB";"PA";"530090";"2011";"54";"http://www.camara.gov.br/internet/deputado/bandep/74351.jpg"
"ZE GERALDO";"ZE GERALDO";"PT";"PA";"521592";"2011";"54";"http://www.camara.gov.br/internet/deputado/bandep/73931.jpg"
"SERGIO BRITO";"SERGIO BRITO";"PSD";"BA";"524918";"2011";"54";"http://www.camara.gov.br/internet/deputado/bandep/73808.jpg"
"MARIA DO ROSARIO";"MARIA DO ROSARIO";"PT";"RS";"523115";"2011";"54";"http://www.camara.gov.br/internet/deputado/bandep/74398.jpg"
"ARMANDO VERGILIO";"ARMANDO VERGILIO";"SD";"GO";"530057";"2011";"54";"http://www.camara.gov.br/internet/deputado/bandep/160546.jpg"
"NILSON LEITAO";"NILSON LEITAO";"PSDB";"MT";"534005";"2011";"54";"http://www.camara.gov.br/internet/deputado/bandep/166401.jpg"
"ACELINO POPO";"ACELINO POPO";"PRB";"BA";"530659";"2011";"54";"http://www.camara.gov.br/internet/deputado/bandep/161907.jpg"
"GABRIEL GUIMARAES";"GABRIEL GUIMARAES";"PT";"MG";"530067";"2011";"54";"http://www.camara.gov.br/internet/deputado/bandep/129037.jpg"
"ATILA LIRA";"ATILA LIRA";"PSB";"PI";"522033";"2011";"54";"http://www.camara.gov.br/internet/deputado/bandep/74459.jpg"
"HUGO NAPOLEAO";"HUGO NAPOLEAO";"PSD";"PI";"530115";"2011";"54";"http://www.camara.gov.br/internet/deputado/bandep/160974.jpg"
"MIGUEL CORREA";"MIGUEL CORREA";"PT";"MG";"525846";"2011";"54";"http://www.camara.gov.br/internet/deputado/bandep/141509.jpg"
"OSMAR JUNIOR";"OSMAR JUNIOR";"PCdoB";"PI";"526575";"2011";"54";"http://www.camara.gov.br/internet/deputado/bandep/141514.jpg"
"JULIO DELGADO";"JULIO DELGADO";"PSB";"MG";"521209";"2011";"54";"http://www.camara.gov.br/internet/deputado/bandep/73586.jpg"
"ILRIO MARQUES";"ILARIO MARQUES";"PT";"CE";"173262";"2011";"54";""
"PROFESSOR SRGIO DE OLIVEIRA";"PROFESSOR SERGIO DE OLIVEIRA";"PSC";"PR";"170673";"2011";"54";""
"RUI PALMEIRA";"RUI PALMEIRA";"PSDB";"AL";"76420";"2011";"54";""
"ANDR DIAS";"ANDRE DIAS";"PSDB";"PA";"161905";"2011";"54";""
"WALTER FELDMAN";"WALTER FELDMAN";"PSDB";"SP";"74284";"2011";"54";""
"JOAQUIM BELTRO";"JOAQUIM BELTRAO";"PMDB";"AL";"141461";"2011";"54";""
"RICARDO QUIRINO";"RICARDO QUIRINO";"PRB";"DF";"150634";"2011";"54";""
"OLIVEIRA FILHO";"OLIVEIRA FILHO";"PRB";"PR";"73464";"2011";"54";""
"DR. ALUIZIO";"DR. ALUIZIO";"PV";"RJ";"160529";"2011";"54";""
"ZENALDO COUTINHO";"ZENALDO COUTINHO";"PSDB";"PA";"74354";"2011";"54";""
"JORGE PINHEIRO";"JORGE PINHEIRO";"PRB";"GO";"73569";"2011";"54";""
"AUGUSTO CARVALHO";"AUGUSTO CARVALHO";"PPS";"DF";"73655";"2011";"54";""
"LUIZ CARLOS SETIM";"LUIZ CARLOS SETIM";"PFL";"PR";"141486";"2007";"53";""
"SEVERINO NINHO";"SEVERINO NINHO";"PSB";"PE";"167614";"2011";"54";""
"DELEGADO WALDIR";"DELEGADO WALDIR";"PSDB";"GO";"164359";"2011";"54";""
"FERNANDO MARRONI";"FERNANDO MARRONI";"PT";"RS";"73481";"2007";"53";""
"MAURO NAZIF";"MAURO NAZIF";"PSB";"RO";"141508";"2007";"53";""
"DR. LUIZ FERNANDO";"DR. LUIZ FERNANDO";"PMN";"AM";"74094";"2011";"54";""
"RENATO ANDRADE";"RENATO ANDRADE";"PP";"MG";"171620";"2011";"54";""
"ISAIAS SILVESTRE";"ISAIAS SILVESTRE";"PSB";"MG";"74152";"2011";"54";""
"ZEZU RIBEIRO";"ZEZEU RIBEIRO";"PT";"BA";"74145";"2007";"53";""
"GEAN LOUREIRO";"GEAN LOUREIRO";"PMDB";"SC";"165429";"2011";"54";""
"PAULO PIAU";"PAULO PIAU";"PMDB";"MG";"141519";"2011";"54";""
"GIROTO";"GIROTO";"PR";"MS";"160562";"2011";"54";""
"VICENTE SELISTRE";"VICENTE SELISTRE";"PSB";"RS";"159258";"2007";"53";""
"NAZARENO FONTELES";"NAZARENO FONTELES";"PT";"PI";"74491";"2011";"54";""
"RAIMUNDO";"RAIMUNDAO";"PMDB";"CE";"160516";"2011";"54";""
"BRIZOLA NETO";"BRIZOLA NETO";"PDT";"RJ";"141399";"2007";"53";""
"ASDRUBAL BENTES";"ASDRUBAL BENTES";"PMDB";"PA";"74222";"2011";"54";""
"MRIO NEGROMONTE";"MARIO NEGROMONTE";"PP";"BA";"74635";"2011";"54";""
"NEILTON MULIM";"NEILTON MULIM";"PR";"RJ";"141510";"2011";"54";""
"SERGIO GUERRA";"SERGIO GUERRA";"PSDB";"PE";"74435";"2011";"54";""
"FERNANDO LOPES";"FERNANDO LOPES";"PMDB";"RJ";"74843";"2011";"54";""
"GILMAR MACHADO";"GILMAR MACHADO";"PT";"MG";"74581";"2011";"54";""
"MRIO HERINGER";"MARIO HERINGER";"PDT";"MG";"74158";"2007";"53";""
"TELMA PINHEIRO";"TELMA PINHEIRO";"PSDB";"MA";"169711";"2011";"54";""
"EDUARDO AZEREDO";"EDUARDO AZEREDO";"PSDB";"MG";"160647";"2011";"54";""
"RICARDO BERZOINI";"RICARDO BERZOINI";"PT";"SP";"74793";"2007";"53";""
"ELIANE ROLIM";"ELIANE ROLIM";"PT";"RJ";"162175";"2011";"54";""
"LEONARDO VILELA";"LEONARDO VILELA";"PSDB";"GO";"74368";"2007";"53";""
"JOO PAULO CUNHA";"JOAO PAULO CUNHA";"PT";"SP";"73534";"2011";"54";""
"EDMAR MOREIRA";"EDMAR MOREIRA";"PFL";"MG";"74580";"2007";"53";""
"NILMAR RUIZ";"NILMAR RUIZ";"PR";"TO";"73594";"2011";"54";""
"DR. DILSON DRUMOND";"DR. DILSON DRUMOND";"PDT";"RJ";"170489";"2011";"54";""
"ANTNIO ROBERTO";"ANTONIO ROBERTO";"PV";"MG";"141390";"2011";"54";""
"HELENO SILVA";"HELENO SILVA";"PRB";"SE";"74053";"2011";"54";""
"PLNIO VALRIO";"PLINIO VALERIO";"DEM";"AM";"172711";"2011";"54";""
"GERA ARRUDA";"GERA ARRUDA";"PMDB";"CE";"145895";"2011";"54";""
"CRISTIANO";"CRISTIANO";"PTdoB";"RJ";"114586";"2011";"54";""
"CELSO JACOB";"CELSO JACOB";"PMDB";"RJ";"73568";"2011";"54";""
"FERNANDO JORDO";"FERNANDO JORDAO";"PMDB";"RJ";"163831";"2011";"54";""
"SRGIO BARRADAS CARNEIRO";"SERGIO BARRADAS CARNEIRO";"PT";"BA";"74533";"2011";"54";""
"SOLANGE ALMEIDA";"SOLANGE ALMEIDA";"PMDB";"RJ";"141547";"2011";"54";""
"PAULO HENRIQUE LUSTOSA";"PAULO HENRIQUE LUSTOSA";"PMDB";"CE";"141517";"2011";"54";""
"PEDRO HENRY";"PEDRO HENRY";"PP";"MT";"74111";"2007";"53";""
"MRIO DE OLIVEIRA";"MARIO DE OLIVEIRA";"PSC";"MG";"74747";"2007";"53";""
"ROMANNA REMOR";"ROMANNA REMOR";"DEM";"SC";"167707";"2011";"54";""
"TERESA SURITA";"TERESA SURITA";"PMDB";"RR";"160608";"2011";"54";""
"AUDIFAX";"AUDIFAX";"PSB";"ES";"160680";"2011";"54";""
"SILAS BRASILEIRO";"SILAS BRASILEIRO";"PMDB";"MG";"74765";"2011";"54";""
"JONAS DONIZETTE";"JONAS DONIZETTE";"PSB";"SP";"160548";"2011";"54";""
"NARCIO RODRIGUES";"NARCIO RODRIGUES";"PSDB";"MG";"74108";"2011";"54";""
"ROMERO RODRIGUES";"ROMERO RODRIGUES";"PSDB";"PB";"160629";"2011";"54";""
"FRANCISCO ARAJO";"FRANCISCO ARAUJO";"PSL";"RR";"165675";"2011";"54";""
"CELIA ROCHA";"CELIA ROCHA";"PTB";"AL";"160624";"2011";"54";""
"VALDEMAR COSTA NETO";"VALDEMAR COSTA NETO";"PL";"SP";"73565";"2007";"53";""
"PROFESSORA MARCIVANIA";"PROFESSORA MARCIVANIA";"PT";"AP";"160641";"2011";"54";""
"LEONARDO GADELHA";"LEONARDO GADELHA";"PSC";"PB";"122195";"2011";"54";""
"RICARDO ARRUDA";"RICARDO ARRUDA";"PSC";"PR";"172945";"2011";"54";""
"VALDIR COLATTO";"VALDIR COLATTO";"PMDB";"SC";"74010";"2011";"54";""
"ROGRIO MARINHO";"ROGERIO MARINHO";"PSDB";"RN";"141535";"2011";"54";""
"JOS GENONO";"JOSE GENOINO";"PT";"SP";"73540";"2007";"53";""
"MARCELO ALMEIDA";"MARCELO ALMEIDA";"PMDB";"PR";"146613";"2011";"54";""
"WALNEY ROCHA";"WALNEY ROCHA";"PTB";"RJ";"160631";"2011";"54";""
"ALEXANDRE TOLEDO";"ALEXANDRE TOLEDO";"PSDB";"AL";"169712";"2011";"54";""
"PROFESSOR VICTRIO GALLI";"PROFESSOR VICTORIO GALLI";"PMDB";"MT";"148134";"2011";"54";""
"MARCELO GUIMARES FILHO";"MARCELO GUIMARAES FILHO";"PMDB";"BA";"74143";"2011";"54";""
"HUMBERTO SOUTO";"HUMBERTO SOUTO";"PPS";"MG";"74662";"2007";"53";""
"JILMAR TATTO";"JILMAR TATTO";"PT";"SP";"141456";"2007";"53";""
"JOS DE FILIPPI";"JOSE DE FILIPPI";"PT";"SP";"160560";"2011";"54";""
"RICARDO ARCHER";"RICARDO ARCHER";"PMDB";"MA";"169553";"2011";"54";""
"NERI GELLER";"NERI GELLER";"PSDB";"MT";"146307";"2007";"53";""
"PAULO MARINHO JUNIOR";"PAULO MARINHO JUNIOR";"PMDB";"MA";"128760";"2011";"54";""
"DIMAS RAMALHO";"DIMAS RAMALHO";"PPS";"SP";"74265";"2007";"53";""
"DELEY";"DELEY";"PSC";"RJ";"74172";"2011";"54";""
"ALDO REBELO";"ALDO REBELO";"PCdoB";"SP";"73428";"2011";"54";""
"HOMERO PEREIRA";"HOMERO PEREIRA";"PPS";"MT";"141448";"2007";"53";""
"ZONTA";"ZONTA";"PP";"SC";"74392";"2007";"53";""
"RIBAMAR ALVES";"RIBAMAR ALVES";"PSB";"MA";"74027";"2011";"54";""
"MARINA SANTANNA";"MARINA SANTANNA";"PT";"GO";"164361";"2011";"54";""
"JOSEPH BANDEIRA";"JOSEPH BANDEIRA";"PT";"BA";"4929";"2007";"53";""
"CARMEN ZANOTTO";"CARMEN ZANOTTO";"PPS";"SC";"164360";"2011";"54";""
"JORGE BOEIRA";"JORGE BOEIRA";"PT";"SC";"74388";"2011";"54";""
"RONALDO NOGUEIRA";"RONALDO NOGUEIRA";"PTB";"RS";"163321";"2011";"54";""
"LINDOMAR GARON";"LINDOMAR GARCON";"PV";"RO";"141483";"2007";"53";""
"NATAN DONADON";"NATAN DONADON";"PMDB";"RO";"133372";"2011";"54";""
"PEDRO GUERRA";"PEDRO GUERRA";"DEM";"PR";"174314";"2011";"54";""
"LAUREZ MOREIRA";"LAUREZ MOREIRA";"PSB";"TO";"141479";"2011";"54";""
"NICE LOBO";"NICE LOBAO";"PFL";"MA";"74447";"2007";"53";""
"ANA ARRAES";"ANA ARRAES";"PSB";"PE";"141377";"2007";"53";""
"CARLAILE PEDROSA";"CARLAILE PEDROSA";"PSDB";"MG";"160585";"2011";"54";""
"CARLINHOS ALMEIDA";"CARLINHOS ALMEIDA";"PT";"SP";"160584";"2011";"54";""
"CARLOS ROBERTO";"CARLOS ROBERTO";"PSDB";"SP";"165583";"2011";"54";""
"PAULO FERREIRA";"PAULO FERREIRA";"PT";"RS";"109372";"2011";"54";""
"ALBERTO MOURO";"ALBERTO MOURAO";"PSDB";"SP";"74696";"2011";"54";""
"COSTA FERREIRA";"COSTA FERREIRA";"PSC";"MA";"74016";"2007";"53";""
"MOACIR MICHELETTO";"MOACIR MICHELETTO";"PMDB";"PR";"74238";"2007";"53";""
"GOIACIARA CRUZ";"GOIACIARA CRUZ";"PR";"TO";"173802";"2011";"54";""
"EDSON APARECIDO";"EDSON APARECIDO";"PSDB";"SP";"141418";"2007";"53";""
"CARLOS ALBERTO LERIA";"CARLOS ALBERTO LEREIA";"PSDB";"GO";"74290";"2011";"54";""
"NELSON BORNIER";"NELSON BORNIER";"PMDB";"RJ";"73416";"2007";"53";""
"LEOMAR QUINTANILHA";"LEOMAR QUINTANILHA";"PMDB";"TO";"73716";"2011";"54";""
"VALRY MORAIS";"VALRY MORAIS";"PRP";"PA";"169868";"2011";"54";""
"MARCIO REINALDO MOREIRA";"MARCIO REINALDO MOREIRA";"PP";"MG";"74744";"2011";"54";""
"MAURCIO TRINDADE";"MAURICIO TRINDADE";"PR";"BA";"141506";"2011";"54";""
"CABO JULIANO RABELO";"CABO JULIANO RABELO";"PDT";"MT";"168034";"2011";"54";""
"LUIZ NO";"LUIZ NOE";"PSB";"RS";"161962";"2011";"54";""
"ARMANDO ABLIO";"ARMANDO ABILIO";"PTB";"PB";"74405";"2011";"54";""
"EDIVALDO HOLANDA JUNIOR";"EDIVALDO HOLANDA JUNIOR";"PTC";"MA";"160616";"2011";"54";""
"WALTER IHOSHI";"WALTER IHOSHI";"DEM";"SP";"141560";"2011";"54";""
"MENDES RIBEIRO FILHO";"MENDES RIBEIRO FILHO";"PMDB";"RS";"73904";"2007";"53";""
"LUCIANO MOREIRA";"LUCIANO MOREIRA";"PMDB";"MA";"160513";"2011";"54";""
"ANTONIO CARLOS MAGALHES NETO";"ANTONIO CARLOS MAGALHAES NETO";"PFL";"BA";"74058";"2007";"53";""
"BERINHO BANTIM";"BERINHO BANTIM";"PSDB";"RR";"160554";"2011";"54";""
"ALEXANDRE CARDOSO";"ALEXANDRE CARDOSO";"PSB";"RJ";"74829";"2011";"54";""
"PAULO TADEU";"PAULO TADEU";"PT";"DF";"160658";"2011";"54";""
"MANUELA D'VILA";"MANUELA DAVILA";"PCdoB";"RS";"527897";"2011";"54";"http://www.camara.gov.br/internet/deputado/bandep/141492.jpg"
"CHICO D'ANGELO";"CHICO DANGELO";"PT";"RJ";"141439";"2007";"53";""
"DRA. ELAINE ABISSAMRA";"DRA.ELAINE ABISSAMRA";"PSB";"SP";"166727";"2011";"54";""
"MARIA LUCIA PRANDI ";"MARIA LUCIA PRANDI";"PT";"SP";"5829235";"2011";"54";"http://www.camara.gov.br/internet/deputado/bandep/176794.jpg"
"BENEDITO DE LIRA";"BENEDITO DE LIRA";"PP";"AL";"74517";"2007";"53";""
"EDUARDO LOPES";"EDUARDO LOPES";"PSB";"RJ";"4928";"2007";"53";""
"WALDEMIR MOKA";"WALDEMIR MOKA";"PMDB";"MS";"73456";"2007";"53";""
"LDICE DA MATA";"LIDICE DA MATA";"PSB";"BA";"139285";"2007";"53";""
"ANGELA PORTELA";"ANGELA PORTELA";"PTC";"RR";"141380";"2007";"53";""
"ARMANDO MONTEIRO";"ARMANDO MONTEIRO";"PTB";"PE";"74472";"2007";"53";""
"EUNCIO OLIVEIRA";"EUNICIO OLIVEIRA";"PMDB";"CE";"74454";"2007";"53";""
"RODRIGO ROLLEMBERG";"RODRIGO ROLLEMBERG";"PSB";"DF";"141533";"2007";"53";""
"EDUARDO AMORIM";"EDUARDO AMORIM";"PSC";"SE";"141420";"2007";"53";""
"WALTER PINHEIRO";"WALTER PINHEIRO";"PT";"BA";"74218";"2007";"53";""
"JOS PIMENTEL";"JOSE PIMENTEL";"PT";"CE";"74298";"2007";"53";""
