"4aff86ea09f7ca40b8131f01142abcef";"24/5/2011";"20:52";"PSOL";"Não"
"4aff86ea09f7ca40b8131f01142abcef";"24/5/2011";"20:52";"DEM";"Sim"
"4aff86ea09f7ca40b8131f01142abcef";"24/5/2011";"20:52";"Repr.PMN";"Sim"
"4aff86ea09f7ca40b8131f01142abcef";"24/5/2011";"20:52";"PrPrbPtdobPrtbPrpPhsPtcPsl";"Sim"
"4aff86ea09f7ca40b8131f01142abcef";"24/5/2011";"20:52";"Minoria";"Sim"
"4aff86ea09f7ca40b8131f01142abcef";"24/5/2011";"20:52";"PDT";"Sim"
"4aff86ea09f7ca40b8131f01142abcef";"24/5/2011";"20:52";"PSC";"Sim"
"4aff86ea09f7ca40b8131f01142abcef";"24/5/2011";"20:52";"GOV.";"Sim"
"4aff86ea09f7ca40b8131f01142abcef";"24/5/2011";"20:52";"PvPps";"Não"
"4aff86ea09f7ca40b8131f01142abcef";"24/5/2011";"20:52";"PT";"Sim"
"4aff86ea09f7ca40b8131f01142abcef";"24/5/2011";"20:52";"PSDB";"Sim"
"4aff86ea09f7ca40b8131f01142abcef";"24/5/2011";"20:52";"PMDB";"Sim"
"4aff86ea09f7ca40b8131f01142abcef";"24/5/2011";"20:52";"PsbPtbPcdob";"Sim"
"4aff86ea09f7ca40b8131f01142abcef";"24/5/2011";"20:52";"PP";"Sim"
"9fe8a2b00576fa28c30bffe6ecb71cc0";"24/5/2011";"23:50";"PSOL";"Não"
"9fe8a2b00576fa28c30bffe6ecb71cc0";"24/5/2011";"23:50";"DEM";"Sim"
"9fe8a2b00576fa28c30bffe6ecb71cc0";"24/5/2011";"23:50";"Repr.PMN";"Liberado"
"9fe8a2b00576fa28c30bffe6ecb71cc0";"24/5/2011";"23:50";"PrPrbPtdobPrtbPrpPhsPtcPsl";"Não"
"9fe8a2b00576fa28c30bffe6ecb71cc0";"24/5/2011";"23:50";"Minoria";"Sim"
"9fe8a2b00576fa28c30bffe6ecb71cc0";"24/5/2011";"23:50";"PDT";"Sim"
"9fe8a2b00576fa28c30bffe6ecb71cc0";"24/5/2011";"23:50";"PSC";"Sim"
"9fe8a2b00576fa28c30bffe6ecb71cc0";"24/5/2011";"23:50";"GOV.";"Não"
"9fe8a2b00576fa28c30bffe6ecb71cc0";"24/5/2011";"23:50";"PvPps";"Não"
"9fe8a2b00576fa28c30bffe6ecb71cc0";"24/5/2011";"23:50";"PT";"Não"
"9fe8a2b00576fa28c30bffe6ecb71cc0";"24/5/2011";"23:50";"PSDB";"Sim"
"9fe8a2b00576fa28c30bffe6ecb71cc0";"24/5/2011";"23:50";"PMDB";"Sim"
"9fe8a2b00576fa28c30bffe6ecb71cc0";"24/5/2011";"23:50";"PsbPtbPcdob";"Liberado"
"9fe8a2b00576fa28c30bffe6ecb71cc0";"24/5/2011";"23:50";"PP";"Sim"
"8492a0aeb53153df713f2fa1e1b56c01";"5/10/2011";"22:44";"PSOL";"Sim"
"8492a0aeb53153df713f2fa1e1b56c01";"5/10/2011";"22:44";"DEM";"Sim"
"8492a0aeb53153df713f2fa1e1b56c01";"5/10/2011";"22:44";"Minoria";"Sim"
"8492a0aeb53153df713f2fa1e1b56c01";"5/10/2011";"22:44";"PDT";"Sim"
"8492a0aeb53153df713f2fa1e1b56c01";"5/10/2011";"22:44";"PrPtdobPrpPhsPtcPsl";"Sim"
"8492a0aeb53153df713f2fa1e1b56c01";"5/10/2011";"22:44";"PSC";"Não"
"8492a0aeb53153df713f2fa1e1b56c01";"5/10/2011";"22:44";"GOV.";"Não"
"8492a0aeb53153df713f2fa1e1b56c01";"5/10/2011";"22:44";"PvPps";"Liberado"
"8492a0aeb53153df713f2fa1e1b56c01";"5/10/2011";"22:44";"PT";"Não"
"8492a0aeb53153df713f2fa1e1b56c01";"5/10/2011";"22:44";"PRB";"Não"
"8492a0aeb53153df713f2fa1e1b56c01";"5/10/2011";"22:44";"PSDB";"Sim"
"8492a0aeb53153df713f2fa1e1b56c01";"5/10/2011";"22:44";"PMDB";"Não"
"8492a0aeb53153df713f2fa1e1b56c01";"5/10/2011";"22:44";"PsbPtbPcdob";"Não"
"8492a0aeb53153df713f2fa1e1b56c01";"5/10/2011";"22:44";"PP";"Não"
"c2a263e3875f5eafc25a3857ea844f89";"29/11/2011";"20:10";"PSOL";"Sim"
"c2a263e3875f5eafc25a3857ea844f89";"29/11/2011";"20:10";"DEM";"Sim"
"c2a263e3875f5eafc25a3857ea844f89";"29/11/2011";"20:10";"Repr.PMN";"Sim"
"c2a263e3875f5eafc25a3857ea844f89";"29/11/2011";"20:10";"Minoria";"Sim"
"c2a263e3875f5eafc25a3857ea844f89";"29/11/2011";"20:10";"PDT";"Sim"
"c2a263e3875f5eafc25a3857ea844f89";"29/11/2011";"20:10";"PrPtdobPrpPhsPtcPsl";"Liberado"
"c2a263e3875f5eafc25a3857ea844f89";"29/11/2011";"20:10";"PSC";"Sim"
"c2a263e3875f5eafc25a3857ea844f89";"29/11/2011";"20:10";"GOV.";"Sim"
"c2a263e3875f5eafc25a3857ea844f89";"29/11/2011";"20:10";"PvPps";"Sim"
"c2a263e3875f5eafc25a3857ea844f89";"29/11/2011";"20:10";"PT";"Sim"
"c2a263e3875f5eafc25a3857ea844f89";"29/11/2011";"20:10";"PRB";"Sim"
"c2a263e3875f5eafc25a3857ea844f89";"29/11/2011";"20:10";"Repr.PRTB";"Sim"
"c2a263e3875f5eafc25a3857ea844f89";"29/11/2011";"20:10";"PSD";"Liberado"
"c2a263e3875f5eafc25a3857ea844f89";"29/11/2011";"20:10";"PSDB";"Sim"
"c2a263e3875f5eafc25a3857ea844f89";"29/11/2011";"20:10";"PMDB";"Liberado"
"c2a263e3875f5eafc25a3857ea844f89";"29/11/2011";"20:10";"PsbPtbPcdob";"Sim"
"c2a263e3875f5eafc25a3857ea844f89";"29/11/2011";"20:10";"PP";"Liberado"
"744ffac2d631989154e9dd1c0ac4e1ff";"14/12/2011";"19:03";"PSOL";"Sim"
"744ffac2d631989154e9dd1c0ac4e1ff";"14/12/2011";"19:03";"DEM";"Sim"
"744ffac2d631989154e9dd1c0ac4e1ff";"14/12/2011";"19:03";"Repr.PMN";"Sim"
"744ffac2d631989154e9dd1c0ac4e1ff";"14/12/2011";"19:03";"Minoria";"Sim"
"744ffac2d631989154e9dd1c0ac4e1ff";"14/12/2011";"19:03";"PDT";"Sim"
"744ffac2d631989154e9dd1c0ac4e1ff";"14/12/2011";"19:03";"PrPtdobPrpPhsPtcPsl";"Sim"
"744ffac2d631989154e9dd1c0ac4e1ff";"14/12/2011";"19:03";"PSC";"Sim"
"744ffac2d631989154e9dd1c0ac4e1ff";"14/12/2011";"19:03";"GOV.";"Sim"
"744ffac2d631989154e9dd1c0ac4e1ff";"14/12/2011";"19:03";"PvPps";"Sim"
"744ffac2d631989154e9dd1c0ac4e1ff";"14/12/2011";"19:03";"PT";"Sim"
"744ffac2d631989154e9dd1c0ac4e1ff";"14/12/2011";"19:03";"PRB";"Sim"
"744ffac2d631989154e9dd1c0ac4e1ff";"14/12/2011";"19:03";"Repr.PRTB";"Sim"
"744ffac2d631989154e9dd1c0ac4e1ff";"14/12/2011";"19:03";"PSD";"Sim"
"744ffac2d631989154e9dd1c0ac4e1ff";"14/12/2011";"19:03";"PSDB";"Sim"
"744ffac2d631989154e9dd1c0ac4e1ff";"14/12/2011";"19:03";"PMDB";"Sim"
"744ffac2d631989154e9dd1c0ac4e1ff";"14/12/2011";"19:03";"PsbPtbPcdob";"Sim"
"744ffac2d631989154e9dd1c0ac4e1ff";"14/12/2011";"19:03";"PP";"Sim"
"153b5a003ebc9817b8fef3f222d05b91";"13/12/2011";"19:29";"PSOL";"Sim"
"153b5a003ebc9817b8fef3f222d05b91";"13/12/2011";"19:29";"DEM";"Sim"
"153b5a003ebc9817b8fef3f222d05b91";"13/12/2011";"19:29";"Repr.PMN";"Sim"
"153b5a003ebc9817b8fef3f222d05b91";"13/12/2011";"19:29";"Minoria";"Sim"
"153b5a003ebc9817b8fef3f222d05b91";"13/12/2011";"19:29";"PDT";"Sim"
"153b5a003ebc9817b8fef3f222d05b91";"13/12/2011";"19:29";"PrPtdobPrpPhsPtcPsl";"Sim"
"153b5a003ebc9817b8fef3f222d05b91";"13/12/2011";"19:29";"PSC";"Sim"
"153b5a003ebc9817b8fef3f222d05b91";"13/12/2011";"19:29";"GOV.";"Sim"
"153b5a003ebc9817b8fef3f222d05b91";"13/12/2011";"19:29";"PvPps";"Sim"
"153b5a003ebc9817b8fef3f222d05b91";"13/12/2011";"19:29";"PT";"Sim"
"153b5a003ebc9817b8fef3f222d05b91";"13/12/2011";"19:29";"PRB";"Sim"
"153b5a003ebc9817b8fef3f222d05b91";"13/12/2011";"19:29";"Repr.PRTB";"Sim"
"153b5a003ebc9817b8fef3f222d05b91";"13/12/2011";"19:29";"PSD";"Sim"
"153b5a003ebc9817b8fef3f222d05b91";"13/12/2011";"19:29";"PSDB";"Sim"
"153b5a003ebc9817b8fef3f222d05b91";"13/12/2011";"19:29";"PMDB";"Sim"
"153b5a003ebc9817b8fef3f222d05b91";"13/12/2011";"19:29";"PsbPtbPcdob";"Sim"
"153b5a003ebc9817b8fef3f222d05b91";"13/12/2011";"19:29";"PP";"Sim"
"fa81268bbf672aa40f95ed754f8dc0bb";"6/4/2011";"20:57";"PSOL";"Não"
"fa81268bbf672aa40f95ed754f8dc0bb";"6/4/2011";"20:57";"DEM";"Obstrução"
"fa81268bbf672aa40f95ed754f8dc0bb";"6/4/2011";"20:57";"Repr.PMN";"Não"
"fa81268bbf672aa40f95ed754f8dc0bb";"6/4/2011";"20:57";"PrPrbPtdobPrtbPrpPhsPtcPsl";"Não"
"fa81268bbf672aa40f95ed754f8dc0bb";"6/4/2011";"20:57";"Minoria";"Obstrução"
"fa81268bbf672aa40f95ed754f8dc0bb";"6/4/2011";"20:57";"PDT";"Não"
"fa81268bbf672aa40f95ed754f8dc0bb";"6/4/2011";"20:57";"PSC";"Não"
"fa81268bbf672aa40f95ed754f8dc0bb";"6/4/2011";"20:57";"GOV.";"Não"
"fa81268bbf672aa40f95ed754f8dc0bb";"6/4/2011";"20:57";"PvPps";"Não"
"fa81268bbf672aa40f95ed754f8dc0bb";"6/4/2011";"20:57";"PT";"Não"
"fa81268bbf672aa40f95ed754f8dc0bb";"6/4/2011";"20:57";"PSDB";"Obstrução"
"fa81268bbf672aa40f95ed754f8dc0bb";"6/4/2011";"20:57";"PMDB";"Não"
"fa81268bbf672aa40f95ed754f8dc0bb";"6/4/2011";"20:57";"PsbPtbPcdob";"Não"
"fa81268bbf672aa40f95ed754f8dc0bb";"6/4/2011";"20:57";"PP";"Não"
"5ca7ba4553d095ffae2cf1d7710ebfd2";"6/4/2011";"23:31";"PSOL";"Sim"
"5ca7ba4553d095ffae2cf1d7710ebfd2";"6/4/2011";"23:31";"DEM";"Não"
"5ca7ba4553d095ffae2cf1d7710ebfd2";"6/4/2011";"23:31";"Repr.PMN";"Sim"
"5ca7ba4553d095ffae2cf1d7710ebfd2";"6/4/2011";"23:31";"PrPrbPtdobPrtbPrpPhsPtcPsl";"Sim"
"5ca7ba4553d095ffae2cf1d7710ebfd2";"6/4/2011";"23:31";"Minoria";"Não"
"5ca7ba4553d095ffae2cf1d7710ebfd2";"6/4/2011";"23:31";"PDT";"Sim"
"5ca7ba4553d095ffae2cf1d7710ebfd2";"6/4/2011";"23:31";"PSC";"Sim"
"5ca7ba4553d095ffae2cf1d7710ebfd2";"6/4/2011";"23:31";"GOV.";"Sim"
"5ca7ba4553d095ffae2cf1d7710ebfd2";"6/4/2011";"23:31";"PvPps";"Sim"
"5ca7ba4553d095ffae2cf1d7710ebfd2";"6/4/2011";"23:31";"PT";"Sim"
"5ca7ba4553d095ffae2cf1d7710ebfd2";"6/4/2011";"23:31";"PSDB";"Não"
"5ca7ba4553d095ffae2cf1d7710ebfd2";"6/4/2011";"23:31";"PMDB";"Sim"
"5ca7ba4553d095ffae2cf1d7710ebfd2";"6/4/2011";"23:31";"PsbPtbPcdob";"Sim"
"5ca7ba4553d095ffae2cf1d7710ebfd2";"6/4/2011";"23:31";"PP";"Sim"
"6e398205bc72646ad40ba0302c7c51c5";"22/2/2011";"17:36";"PSOL";"Não"
"6e398205bc72646ad40ba0302c7c51c5";"22/2/2011";"17:36";"DEM";"Obstrução"
"6e398205bc72646ad40ba0302c7c51c5";"22/2/2011";"17:36";"PrPrbPtdobPrtbPrpPhsPtcPsl";"Não"
"6e398205bc72646ad40ba0302c7c51c5";"22/2/2011";"17:36";"Minoria";"Obstrução"
"6e398205bc72646ad40ba0302c7c51c5";"22/2/2011";"17:36";"PDT";"Não"
"6e398205bc72646ad40ba0302c7c51c5";"22/2/2011";"17:36";"PSC";"Não"
"6e398205bc72646ad40ba0302c7c51c5";"22/2/2011";"17:36";"GOV.";"Não"
"6e398205bc72646ad40ba0302c7c51c5";"22/2/2011";"17:36";"PvPps";"Obstrução"
"6e398205bc72646ad40ba0302c7c51c5";"22/2/2011";"17:36";"PT";"Não"
"6e398205bc72646ad40ba0302c7c51c5";"22/2/2011";"17:36";"PSDB";"Obstrução"
"6e398205bc72646ad40ba0302c7c51c5";"22/2/2011";"17:36";"PMDB";"Não"
"6e398205bc72646ad40ba0302c7c51c5";"22/2/2011";"17:36";"PsbPtbPcdob";"Não"
"6e398205bc72646ad40ba0302c7c51c5";"22/2/2011";"17:36";"PMN";"Não"
"6e398205bc72646ad40ba0302c7c51c5";"22/2/2011";"17:36";"PP";"Não"
"64d6ee3c68495b5ff8026d7e829698e6";"22/2/2011";"19:20";"PSOL";"Não"
"64d6ee3c68495b5ff8026d7e829698e6";"22/2/2011";"19:20";"DEM";"Obstrução"
"64d6ee3c68495b5ff8026d7e829698e6";"22/2/2011";"19:20";"PrPrbPtdobPrtbPrpPhsPtcPsl";"Não"
"64d6ee3c68495b5ff8026d7e829698e6";"22/2/2011";"19:20";"Minoria";"Obstrução"
"64d6ee3c68495b5ff8026d7e829698e6";"22/2/2011";"19:20";"PDT";"Não"
"64d6ee3c68495b5ff8026d7e829698e6";"22/2/2011";"19:20";"PSC";"Não"
"64d6ee3c68495b5ff8026d7e829698e6";"22/2/2011";"19:20";"GOV.";"Não"
"64d6ee3c68495b5ff8026d7e829698e6";"22/2/2011";"19:20";"PvPps";"Obstrução"
"64d6ee3c68495b5ff8026d7e829698e6";"22/2/2011";"19:20";"PT";"Não"
"64d6ee3c68495b5ff8026d7e829698e6";"22/2/2011";"19:20";"PSDB";"Obstrução"
"64d6ee3c68495b5ff8026d7e829698e6";"22/2/2011";"19:20";"PMDB";"Não"
"64d6ee3c68495b5ff8026d7e829698e6";"22/2/2011";"19:20";"PsbPtbPcdob";"Não"
"64d6ee3c68495b5ff8026d7e829698e6";"22/2/2011";"19:20";"PMN";"Não"
"64d6ee3c68495b5ff8026d7e829698e6";"22/2/2011";"19:20";"PP";"Não"
"2de55e47c88b7306f6bb2e96bcae54d6";"22/2/2011";"20:45";"PSOL";"Sim"
"2de55e47c88b7306f6bb2e96bcae54d6";"22/2/2011";"20:45";"DEM";"Obstrução"
"2de55e47c88b7306f6bb2e96bcae54d6";"22/2/2011";"20:45";"PrPrbPtdobPrtbPrpPhsPtcPsl";"Não"
"2de55e47c88b7306f6bb2e96bcae54d6";"22/2/2011";"20:45";"Minoria";"Obstrução"
"2de55e47c88b7306f6bb2e96bcae54d6";"22/2/2011";"20:45";"PDT";"Não"
"2de55e47c88b7306f6bb2e96bcae54d6";"22/2/2011";"20:45";"PSC";"Não"
"2de55e47c88b7306f6bb2e96bcae54d6";"22/2/2011";"20:45";"GOV.";"Não"
"2de55e47c88b7306f6bb2e96bcae54d6";"22/2/2011";"20:45";"PvPps";"Obstrução"
"2de55e47c88b7306f6bb2e96bcae54d6";"22/2/2011";"20:45";"PT";"Não"
"2de55e47c88b7306f6bb2e96bcae54d6";"22/2/2011";"20:45";"PSDB";"Obstrução"
"2de55e47c88b7306f6bb2e96bcae54d6";"22/2/2011";"20:45";"PMDB";"Não"
"2de55e47c88b7306f6bb2e96bcae54d6";"22/2/2011";"20:45";"PsbPtbPcdob";"Não"
"2de55e47c88b7306f6bb2e96bcae54d6";"22/2/2011";"20:45";"PMN";"Não"
"2de55e47c88b7306f6bb2e96bcae54d6";"22/2/2011";"20:45";"PP";"Não"
"0056b4d010efeaf29a0965e1ce69be3a";"5/4/2011";"19:11";"PSOL";"Obstrução"
"0056b4d010efeaf29a0965e1ce69be3a";"5/4/2011";"19:11";"DEM";"Obstrução"
"0056b4d010efeaf29a0965e1ce69be3a";"5/4/2011";"19:11";"Repr.PMN";"Não"
"0056b4d010efeaf29a0965e1ce69be3a";"5/4/2011";"19:11";"PrPrbPtdobPrtbPrpPhsPtcPsl";"Não"
"0056b4d010efeaf29a0965e1ce69be3a";"5/4/2011";"19:11";"Minoria";"Obstrução"
"0056b4d010efeaf29a0965e1ce69be3a";"5/4/2011";"19:11";"PDT";"Não"
"0056b4d010efeaf29a0965e1ce69be3a";"5/4/2011";"19:11";"PSC";"Não"
"0056b4d010efeaf29a0965e1ce69be3a";"5/4/2011";"19:11";"GOV.";"Não"
"0056b4d010efeaf29a0965e1ce69be3a";"5/4/2011";"19:11";"PvPps";"Obstrução"
"0056b4d010efeaf29a0965e1ce69be3a";"5/4/2011";"19:11";"PT";"Não"
"0056b4d010efeaf29a0965e1ce69be3a";"5/4/2011";"19:11";"PSDB";"Obstrução"
"0056b4d010efeaf29a0965e1ce69be3a";"5/4/2011";"19:11";"PMDB";"Não"
"0056b4d010efeaf29a0965e1ce69be3a";"5/4/2011";"19:11";"PsbPtbPcdob";"Não"
"0056b4d010efeaf29a0965e1ce69be3a";"5/4/2011";"19:11";"PP";"Não"
"0bed2aaaf7af1de02ab51e67f2dac14a";"5/4/2011";"22:14";"PSOL";"Não"
"0bed2aaaf7af1de02ab51e67f2dac14a";"5/4/2011";"22:14";"DEM";"Obstrução"
"0bed2aaaf7af1de02ab51e67f2dac14a";"5/4/2011";"22:14";"Repr.PMN";"Sim"
"0bed2aaaf7af1de02ab51e67f2dac14a";"5/4/2011";"22:14";"PrPrbPtdobPrtbPrpPhsPtcPsl";"Sim"
"0bed2aaaf7af1de02ab51e67f2dac14a";"5/4/2011";"22:14";"Minoria";"Não"
"0bed2aaaf7af1de02ab51e67f2dac14a";"5/4/2011";"22:14";"PDT";"Sim"
"0bed2aaaf7af1de02ab51e67f2dac14a";"5/4/2011";"22:14";"PSC";"Sim"
"0bed2aaaf7af1de02ab51e67f2dac14a";"5/4/2011";"22:14";"GOV.";"Sim"
"0bed2aaaf7af1de02ab51e67f2dac14a";"5/4/2011";"22:14";"PvPps";"Obstrução"
"0bed2aaaf7af1de02ab51e67f2dac14a";"5/4/2011";"22:14";"PT";"Sim"
"0bed2aaaf7af1de02ab51e67f2dac14a";"5/4/2011";"22:14";"PSDB";"Obstrução"
"0bed2aaaf7af1de02ab51e67f2dac14a";"5/4/2011";"22:14";"PMDB";"Sim"
"0bed2aaaf7af1de02ab51e67f2dac14a";"5/4/2011";"22:14";"PsbPtbPcdob";"Sim"
"0bed2aaaf7af1de02ab51e67f2dac14a";"5/4/2011";"22:14";"PP";"Sim"
"66065b031dc46d7c98e8ab43553ee5bd";"6/4/2011";"19:06";"PSOL";"Não"
"66065b031dc46d7c98e8ab43553ee5bd";"6/4/2011";"19:06";"DEM";"Não"
"66065b031dc46d7c98e8ab43553ee5bd";"6/4/2011";"19:06";"Repr.PMN";"Sim"
"66065b031dc46d7c98e8ab43553ee5bd";"6/4/2011";"19:06";"PrPrbPtdobPrtbPrpPhsPtcPsl";"Sim"
"66065b031dc46d7c98e8ab43553ee5bd";"6/4/2011";"19:06";"Minoria";"Não"
"66065b031dc46d7c98e8ab43553ee5bd";"6/4/2011";"19:06";"PDT";"Sim"
"66065b031dc46d7c98e8ab43553ee5bd";"6/4/2011";"19:06";"PSC";"Sim"
"66065b031dc46d7c98e8ab43553ee5bd";"6/4/2011";"19:06";"GOV.";"Sim"
"66065b031dc46d7c98e8ab43553ee5bd";"6/4/2011";"19:06";"PvPps";"Não"
"66065b031dc46d7c98e8ab43553ee5bd";"6/4/2011";"19:06";"PT";"Sim"
"66065b031dc46d7c98e8ab43553ee5bd";"6/4/2011";"19:06";"PSDB";"Não"
"66065b031dc46d7c98e8ab43553ee5bd";"6/4/2011";"19:06";"PMDB";"Sim"
"66065b031dc46d7c98e8ab43553ee5bd";"6/4/2011";"19:06";"PsbPtbPcdob";"Sim"
"66065b031dc46d7c98e8ab43553ee5bd";"6/4/2011";"19:06";"PP";"Sim"
"c92c3669f5ec373c2937154daa572cca";"13/4/2011";"15:57";"PSOL";"Sim"
"c92c3669f5ec373c2937154daa572cca";"13/4/2011";"15:57";"DEM";"Sim"
"c92c3669f5ec373c2937154daa572cca";"13/4/2011";"15:57";"Repr.PMN";"Sim"
"c92c3669f5ec373c2937154daa572cca";"13/4/2011";"15:57";"PrPrbPtdobPrtbPrpPhsPtcPsl";"Sim"
"c92c3669f5ec373c2937154daa572cca";"13/4/2011";"15:57";"Minoria";"Sim"
"c92c3669f5ec373c2937154daa572cca";"13/4/2011";"15:57";"PDT";"Sim"
"c92c3669f5ec373c2937154daa572cca";"13/4/2011";"15:57";"PSC";"Sim"
"c92c3669f5ec373c2937154daa572cca";"13/4/2011";"15:57";"GOV.";"Não"
"c92c3669f5ec373c2937154daa572cca";"13/4/2011";"15:57";"PvPps";"Liberado"
"c92c3669f5ec373c2937154daa572cca";"13/4/2011";"15:57";"PT";"Liberado"
"c92c3669f5ec373c2937154daa572cca";"13/4/2011";"15:57";"PSDB";"Sim"
"c92c3669f5ec373c2937154daa572cca";"13/4/2011";"15:57";"PMDB";"Liberado"
"c92c3669f5ec373c2937154daa572cca";"13/4/2011";"15:57";"PsbPtbPcdob";"Sim"
"c92c3669f5ec373c2937154daa572cca";"13/4/2011";"15:57";"PP";"Liberado"
"cb56fa62d3686f4541fd74d65adceaf3";"26/4/2011";"18:22";"PSOL";"Não"
"cb56fa62d3686f4541fd74d65adceaf3";"26/4/2011";"18:22";"DEM";"Não"
"cb56fa62d3686f4541fd74d65adceaf3";"26/4/2011";"18:22";"Repr.PMN";"Sim"
"cb56fa62d3686f4541fd74d65adceaf3";"26/4/2011";"18:22";"PrPrbPtdobPrtbPrpPhsPtcPsl";"Sim"
"cb56fa62d3686f4541fd74d65adceaf3";"26/4/2011";"18:22";"Minoria";"Não"
"cb56fa62d3686f4541fd74d65adceaf3";"26/4/2011";"18:22";"PDT";"Sim"
"cb56fa62d3686f4541fd74d65adceaf3";"26/4/2011";"18:22";"PSC";"Sim"
"cb56fa62d3686f4541fd74d65adceaf3";"26/4/2011";"18:22";"GOV.";"Sim"
"cb56fa62d3686f4541fd74d65adceaf3";"26/4/2011";"18:22";"PvPps";"Não"
"cb56fa62d3686f4541fd74d65adceaf3";"26/4/2011";"18:22";"PT";"Sim"
"cb56fa62d3686f4541fd74d65adceaf3";"26/4/2011";"18:22";"PSDB";"Não"
"cb56fa62d3686f4541fd74d65adceaf3";"26/4/2011";"18:22";"PMDB";"Sim"
"cb56fa62d3686f4541fd74d65adceaf3";"26/4/2011";"18:22";"PsbPtbPcdob";"Sim"
"cb56fa62d3686f4541fd74d65adceaf3";"26/4/2011";"18:22";"PP";"Sim"
"72db14fc30e147a1474f62987b870db7";"3/5/2011";"22:47";"PSOL";"Não"
"72db14fc30e147a1474f62987b870db7";"3/5/2011";"22:47";"DEM";"Sim"
"72db14fc30e147a1474f62987b870db7";"3/5/2011";"22:47";"PrPrbPtdobPrtbPrpPhsPtcPsl";"Sim"
"72db14fc30e147a1474f62987b870db7";"3/5/2011";"22:47";"Minoria";"Sim"
"72db14fc30e147a1474f62987b870db7";"3/5/2011";"22:47";"PDT";"Sim"
"72db14fc30e147a1474f62987b870db7";"3/5/2011";"22:47";"PSC";"Sim"
"72db14fc30e147a1474f62987b870db7";"3/5/2011";"22:47";"GOV.";"Sim"
"72db14fc30e147a1474f62987b870db7";"3/5/2011";"22:47";"PvPps";"Não"
"72db14fc30e147a1474f62987b870db7";"3/5/2011";"22:47";"PT";"Sim"
"72db14fc30e147a1474f62987b870db7";"3/5/2011";"22:47";"PSDB";"Sim"
"72db14fc30e147a1474f62987b870db7";"3/5/2011";"22:47";"PMDB";"Sim"
"72db14fc30e147a1474f62987b870db7";"3/5/2011";"22:47";"PsbPtbPcdob";"Sim"
"72db14fc30e147a1474f62987b870db7";"3/5/2011";"22:47";"PP";"Sim"
"2d060280e54f0ba71ae32583a7a6ee49";"18/5/2011";"13:48";"PSOL";"Não"
"2d060280e54f0ba71ae32583a7a6ee49";"18/5/2011";"13:48";"DEM";"Obstrução"
"2d060280e54f0ba71ae32583a7a6ee49";"18/5/2011";"13:48";"PrPrbPtdobPrtbPrpPhsPtcPsl";"Não"
"2d060280e54f0ba71ae32583a7a6ee49";"18/5/2011";"13:48";"PDT";"Não"
"2d060280e54f0ba71ae32583a7a6ee49";"18/5/2011";"13:48";"PSC";"Não"
"2d060280e54f0ba71ae32583a7a6ee49";"18/5/2011";"13:48";"GOV.";"Não"
"2d060280e54f0ba71ae32583a7a6ee49";"18/5/2011";"13:48";"PvPps";"Liberado"
"2d060280e54f0ba71ae32583a7a6ee49";"18/5/2011";"13:48";"PT";"Não"
"2d060280e54f0ba71ae32583a7a6ee49";"18/5/2011";"13:48";"PSDB";"Obstrução"
"2d060280e54f0ba71ae32583a7a6ee49";"18/5/2011";"13:48";"PMDB";"Não"
"2d060280e54f0ba71ae32583a7a6ee49";"18/5/2011";"13:48";"PsbPtbPcdob";"Não"
"2d060280e54f0ba71ae32583a7a6ee49";"18/5/2011";"13:48";"PP";"Não"
"45bd7a94b90338cab07f73225e940d37";"25/5/2011";"16:25";"PSOL";"Não"
"45bd7a94b90338cab07f73225e940d37";"25/5/2011";"16:25";"DEM";"Não"
"45bd7a94b90338cab07f73225e940d37";"25/5/2011";"16:25";"PrPrbPtdobPrtbPrpPhsPtcPsl";"Sim"
"45bd7a94b90338cab07f73225e940d37";"25/5/2011";"16:25";"Minoria";"Não"
"45bd7a94b90338cab07f73225e940d37";"25/5/2011";"16:25";"PDT";"Sim"
"45bd7a94b90338cab07f73225e940d37";"25/5/2011";"16:25";"PSC";"Sim"
"45bd7a94b90338cab07f73225e940d37";"25/5/2011";"16:25";"GOV.";"Sim"
"45bd7a94b90338cab07f73225e940d37";"25/5/2011";"16:25";"PvPps";"Não"
"45bd7a94b90338cab07f73225e940d37";"25/5/2011";"16:25";"PT";"Sim"
"45bd7a94b90338cab07f73225e940d37";"25/5/2011";"16:25";"PSDB";"Não"
"45bd7a94b90338cab07f73225e940d37";"25/5/2011";"16:25";"PMDB";"Sim"
"45bd7a94b90338cab07f73225e940d37";"25/5/2011";"16:25";"PsbPtbPcdob";"Sim"
"45bd7a94b90338cab07f73225e940d37";"25/5/2011";"16:25";"PP";"Sim"
"cd3621fd9e78c697f1eb168fffb12efb";"25/5/2011";"17:15";"PSOL";"Sim"
"cd3621fd9e78c697f1eb168fffb12efb";"25/5/2011";"17:15";"DEM";"Sim"
"cd3621fd9e78c697f1eb168fffb12efb";"25/5/2011";"17:15";"PrPrbPtdobPrtbPrpPhsPtcPsl";"Não"
"cd3621fd9e78c697f1eb168fffb12efb";"25/5/2011";"17:15";"Minoria";"Sim"
"cd3621fd9e78c697f1eb168fffb12efb";"25/5/2011";"17:15";"PDT";"Não"
"cd3621fd9e78c697f1eb168fffb12efb";"25/5/2011";"17:15";"PSC";"Não"
"cd3621fd9e78c697f1eb168fffb12efb";"25/5/2011";"17:15";"GOV.";"Não"
"cd3621fd9e78c697f1eb168fffb12efb";"25/5/2011";"17:15";"PvPps";"Sim"
"cd3621fd9e78c697f1eb168fffb12efb";"25/5/2011";"17:15";"PT";"Não"
"cd3621fd9e78c697f1eb168fffb12efb";"25/5/2011";"17:15";"PSDB";"Sim"
"cd3621fd9e78c697f1eb168fffb12efb";"25/5/2011";"17:15";"PMDB";"Não"
"cd3621fd9e78c697f1eb168fffb12efb";"25/5/2011";"17:15";"PsbPtbPcdob";"Não"
"cd3621fd9e78c697f1eb168fffb12efb";"25/5/2011";"17:15";"PP";"Não"
"ad7244ace4d6902f23e09b9fadfdb724";"25/5/2011";"18:07";"PSOL";"Não"
"ad7244ace4d6902f23e09b9fadfdb724";"25/5/2011";"18:07";"DEM";"Não"
"ad7244ace4d6902f23e09b9fadfdb724";"25/5/2011";"18:07";"Repr.PMN";"Liberado"
"ad7244ace4d6902f23e09b9fadfdb724";"25/5/2011";"18:07";"PrPrbPtdobPrtbPrpPhsPtcPsl";"Sim"
"ad7244ace4d6902f23e09b9fadfdb724";"25/5/2011";"18:07";"Minoria";"Não"
"ad7244ace4d6902f23e09b9fadfdb724";"25/5/2011";"18:07";"PDT";"Liberado"
"ad7244ace4d6902f23e09b9fadfdb724";"25/5/2011";"18:07";"PSC";"Não"
"ad7244ace4d6902f23e09b9fadfdb724";"25/5/2011";"18:07";"GOV.";"Sim"
"ad7244ace4d6902f23e09b9fadfdb724";"25/5/2011";"18:07";"PvPps";"Não"
"ad7244ace4d6902f23e09b9fadfdb724";"25/5/2011";"18:07";"PT";"Sim"
"ad7244ace4d6902f23e09b9fadfdb724";"25/5/2011";"18:07";"PSDB";"Não"
"ad7244ace4d6902f23e09b9fadfdb724";"25/5/2011";"18:07";"PMDB";"Sim"
"ad7244ace4d6902f23e09b9fadfdb724";"25/5/2011";"18:07";"PsbPtbPcdob";"Sim"
"ad7244ace4d6902f23e09b9fadfdb724";"25/5/2011";"18:07";"PP";"Sim"
"6ee25644a698c4da6d3acc4c4e1719fb";"10/5/2011";"16:50";"PSOL";"Sim"
"6ee25644a698c4da6d3acc4c4e1719fb";"10/5/2011";"16:50";"DEM";"Obstrução"
"6ee25644a698c4da6d3acc4c4e1719fb";"10/5/2011";"16:50";"Repr.PMN";"Não"
"6ee25644a698c4da6d3acc4c4e1719fb";"10/5/2011";"16:50";"PrPrbPtdobPrtbPrpPhsPtcPsl";"Não"
"6ee25644a698c4da6d3acc4c4e1719fb";"10/5/2011";"16:50";"Minoria";"Obstrução"
"6ee25644a698c4da6d3acc4c4e1719fb";"10/5/2011";"16:50";"PDT";"Não"
"6ee25644a698c4da6d3acc4c4e1719fb";"10/5/2011";"16:50";"PSC";"Não"
"6ee25644a698c4da6d3acc4c4e1719fb";"10/5/2011";"16:50";"GOV.";"Não"
"6ee25644a698c4da6d3acc4c4e1719fb";"10/5/2011";"16:50";"PvPps";"Liberado"
"6ee25644a698c4da6d3acc4c4e1719fb";"10/5/2011";"16:50";"PT";"Não"
"6ee25644a698c4da6d3acc4c4e1719fb";"10/5/2011";"16:50";"PSDB";"Obstrução"
"6ee25644a698c4da6d3acc4c4e1719fb";"10/5/2011";"16:50";"PMDB";"Não"
"6ee25644a698c4da6d3acc4c4e1719fb";"10/5/2011";"16:50";"PsbPtbPcdob";"Não"
"6ee25644a698c4da6d3acc4c4e1719fb";"10/5/2011";"16:50";"PP";"Não"
"fae9b97472eff2060be87d5b907d8fec";"16/2/2011";"22:38";"PSOL";"Sim"
"fae9b97472eff2060be87d5b907d8fec";"16/2/2011";"22:38";"DEM";"Sim"
"fae9b97472eff2060be87d5b907d8fec";"16/2/2011";"22:38";"PrPrbPtdobPrtbPrpPhsPtcPsl";"Não"
"fae9b97472eff2060be87d5b907d8fec";"16/2/2011";"22:38";"Minoria";"Sim"
"fae9b97472eff2060be87d5b907d8fec";"16/2/2011";"22:38";"PDT";"Não"
"fae9b97472eff2060be87d5b907d8fec";"16/2/2011";"22:38";"PSC";"Não"
"fae9b97472eff2060be87d5b907d8fec";"16/2/2011";"22:38";"GOV.";"Não"
"fae9b97472eff2060be87d5b907d8fec";"16/2/2011";"22:38";"PvPps";"Liberado"
"fae9b97472eff2060be87d5b907d8fec";"16/2/2011";"22:38";"PT";"Não"
"fae9b97472eff2060be87d5b907d8fec";"16/2/2011";"22:38";"PSDB";"Sim"
"fae9b97472eff2060be87d5b907d8fec";"16/2/2011";"22:38";"PMDB";"Não"
"fae9b97472eff2060be87d5b907d8fec";"16/2/2011";"22:38";"PsbPtbPcdob";"Não"
"fae9b97472eff2060be87d5b907d8fec";"16/2/2011";"22:38";"PMN";"Liberado"
"fae9b97472eff2060be87d5b907d8fec";"16/2/2011";"22:38";"PP";"Não"
"a65758afca3580e94320c0d0c353363c";"16/2/2011";"23:27";"PSOL";"Sim"
"a65758afca3580e94320c0d0c353363c";"16/2/2011";"23:27";"DEM";"Sim"
"a65758afca3580e94320c0d0c353363c";"16/2/2011";"23:27";"PrPrbPtdobPrtbPrpPhsPtcPsl";"Não"
"a65758afca3580e94320c0d0c353363c";"16/2/2011";"23:27";"Minoria";"Sim"
"a65758afca3580e94320c0d0c353363c";"16/2/2011";"23:27";"PDT";"Liberado"
"a65758afca3580e94320c0d0c353363c";"16/2/2011";"23:27";"PSC";"Não"
"a65758afca3580e94320c0d0c353363c";"16/2/2011";"23:27";"GOV.";"Não"
"a65758afca3580e94320c0d0c353363c";"16/2/2011";"23:27";"PvPps";"Liberado"
"a65758afca3580e94320c0d0c353363c";"16/2/2011";"23:27";"PT";"Não"
"a65758afca3580e94320c0d0c353363c";"16/2/2011";"23:27";"PSDB";"Sim"
"a65758afca3580e94320c0d0c353363c";"16/2/2011";"23:27";"PMDB";"Não"
"a65758afca3580e94320c0d0c353363c";"16/2/2011";"23:27";"PsbPtbPcdob";"Não"
"a65758afca3580e94320c0d0c353363c";"16/2/2011";"23:27";"PMN";"Liberado"
"a65758afca3580e94320c0d0c353363c";"16/2/2011";"23:27";"PP";"Não"
"d08f91a308451ac1944248e3ddfa9bb5";"16/2/2011";"00:17";"PSOL";"Não"
"d08f91a308451ac1944248e3ddfa9bb5";"16/2/2011";"00:17";"DEM";"Não"
"d08f91a308451ac1944248e3ddfa9bb5";"16/2/2011";"00:17";"PrPrbPtdobPrtbPrpPhsPtcPsl";"Sim"
"d08f91a308451ac1944248e3ddfa9bb5";"16/2/2011";"00:17";"Minoria";"Não"
"d08f91a308451ac1944248e3ddfa9bb5";"16/2/2011";"00:17";"PDT";"Sim"
"d08f91a308451ac1944248e3ddfa9bb5";"16/2/2011";"00:17";"PSC";"Sim"
"d08f91a308451ac1944248e3ddfa9bb5";"16/2/2011";"00:17";"GOV.";"Sim"
"d08f91a308451ac1944248e3ddfa9bb5";"16/2/2011";"00:17";"PvPps";"Não"
"d08f91a308451ac1944248e3ddfa9bb5";"16/2/2011";"00:17";"PT";"Sim"
"d08f91a308451ac1944248e3ddfa9bb5";"16/2/2011";"00:17";"PSDB";"Não"
"d08f91a308451ac1944248e3ddfa9bb5";"16/2/2011";"00:17";"PMDB";"Sim"
"d08f91a308451ac1944248e3ddfa9bb5";"16/2/2011";"00:17";"PsbPtbPcdob";"Sim"
"d08f91a308451ac1944248e3ddfa9bb5";"16/2/2011";"00:17";"PMN";"Obstrução"
"d08f91a308451ac1944248e3ddfa9bb5";"16/2/2011";"00:17";"PP";"Sim"
"013db7ed279db309a26300547533e7aa";"6/4/2011";"19:54";"PSOL";"Sim"
"013db7ed279db309a26300547533e7aa";"6/4/2011";"19:54";"DEM";"Obstrução"
"013db7ed279db309a26300547533e7aa";"6/4/2011";"19:54";"Repr.PMN";"Sim"
"013db7ed279db309a26300547533e7aa";"6/4/2011";"19:54";"PrPrbPtdobPrtbPrpPhsPtcPsl";"Sim"
"013db7ed279db309a26300547533e7aa";"6/4/2011";"19:54";"Minoria";"Não"
"013db7ed279db309a26300547533e7aa";"6/4/2011";"19:54";"PDT";"Sim"
"013db7ed279db309a26300547533e7aa";"6/4/2011";"19:54";"PSC";"Sim"
"013db7ed279db309a26300547533e7aa";"6/4/2011";"19:54";"GOV.";"Sim"
"013db7ed279db309a26300547533e7aa";"6/4/2011";"19:54";"PvPps";"Sim"
"013db7ed279db309a26300547533e7aa";"6/4/2011";"19:54";"PT";"Sim"
"013db7ed279db309a26300547533e7aa";"6/4/2011";"19:54";"PSDB";"Obstrução"
"013db7ed279db309a26300547533e7aa";"6/4/2011";"19:54";"PMDB";"Sim"
"013db7ed279db309a26300547533e7aa";"6/4/2011";"19:54";"PsbPtbPcdob";"Sim"
"013db7ed279db309a26300547533e7aa";"6/4/2011";"19:54";"PP";"Sim"
"8f344298b4df1a064dac933da87220ab";"15/2/2011";"21:09";"PSOL";"Não"
"8f344298b4df1a064dac933da87220ab";"15/2/2011";"21:09";"DEM";"Sim"
"8f344298b4df1a064dac933da87220ab";"15/2/2011";"21:09";"PrPrbPtdobPrtbPrpPhsPtcPsl";"Sim"
"8f344298b4df1a064dac933da87220ab";"15/2/2011";"21:09";"Minoria";"Sim"
"8f344298b4df1a064dac933da87220ab";"15/2/2011";"21:09";"PDT";"Sim"
"8f344298b4df1a064dac933da87220ab";"15/2/2011";"21:09";"GOV.";"Sim"
"8f344298b4df1a064dac933da87220ab";"15/2/2011";"21:09";"PvPps";"Não"
"8f344298b4df1a064dac933da87220ab";"15/2/2011";"21:09";"PT";"Sim"
"8f344298b4df1a064dac933da87220ab";"15/2/2011";"21:09";"PMDB";"Sim"
"8f344298b4df1a064dac933da87220ab";"15/2/2011";"21:09";"PpPscPmn";"Sim"
"8f344298b4df1a064dac933da87220ab";"15/2/2011";"21:09";"PSDB";"Sim"
"8f344298b4df1a064dac933da87220ab";"15/2/2011";"21:09";"PsbPtbPcdob";"Sim"
"e39c940aa84723a7e9a8c5348c1e9756";"15/6/2011";"18:05";"PSOL";"Obstrução"
"e39c940aa84723a7e9a8c5348c1e9756";"15/6/2011";"18:05";"DEM";"Obstrução"
"e39c940aa84723a7e9a8c5348c1e9756";"15/6/2011";"18:05";"PrPrbPtdobPrtbPrpPhsPtcPsl";"Não"
"e39c940aa84723a7e9a8c5348c1e9756";"15/6/2011";"18:05";"Minoria";"Obstrução"
"e39c940aa84723a7e9a8c5348c1e9756";"15/6/2011";"18:05";"PDT";"Não"
"e39c940aa84723a7e9a8c5348c1e9756";"15/6/2011";"18:05";"PSC";"Não"
"e39c940aa84723a7e9a8c5348c1e9756";"15/6/2011";"18:05";"GOV.";"Não"
"e39c940aa84723a7e9a8c5348c1e9756";"15/6/2011";"18:05";"PvPps";"Liberado"
"e39c940aa84723a7e9a8c5348c1e9756";"15/6/2011";"18:05";"PT";"Não"
"e39c940aa84723a7e9a8c5348c1e9756";"15/6/2011";"18:05";"PSDB";"Obstrução"
"e39c940aa84723a7e9a8c5348c1e9756";"15/6/2011";"18:05";"PMDB";"Não"
"e39c940aa84723a7e9a8c5348c1e9756";"15/6/2011";"18:05";"PsbPtbPcdob";"Não"
"e39c940aa84723a7e9a8c5348c1e9756";"15/6/2011";"18:05";"PP";"Não"
"69d7ce9272059f5fa95480e12616ea4c";"15/6/2011";"20:47";"PSOL";"Sim"
"69d7ce9272059f5fa95480e12616ea4c";"15/6/2011";"20:47";"DEM";"Obstrução"
"69d7ce9272059f5fa95480e12616ea4c";"15/6/2011";"20:47";"PrPrbPtdobPrtbPrpPhsPtcPsl";"Não"
"69d7ce9272059f5fa95480e12616ea4c";"15/6/2011";"20:47";"Minoria";"Obstrução"
"69d7ce9272059f5fa95480e12616ea4c";"15/6/2011";"20:47";"PDT";"Não"
"69d7ce9272059f5fa95480e12616ea4c";"15/6/2011";"20:47";"PSC";"Não"
"69d7ce9272059f5fa95480e12616ea4c";"15/6/2011";"20:47";"GOV.";"Não"
"69d7ce9272059f5fa95480e12616ea4c";"15/6/2011";"20:47";"PvPps";"Liberado"
"69d7ce9272059f5fa95480e12616ea4c";"15/6/2011";"20:47";"PT";"Não"
"69d7ce9272059f5fa95480e12616ea4c";"15/6/2011";"20:47";"PSDB";"Obstrução"
"69d7ce9272059f5fa95480e12616ea4c";"15/6/2011";"20:47";"PMDB";"Não"
"69d7ce9272059f5fa95480e12616ea4c";"15/6/2011";"20:47";"PsbPtbPcdob";"Não"
"69d7ce9272059f5fa95480e12616ea4c";"15/6/2011";"20:47";"PP";"Não"
"022e3fd82970dbaa1e1adef52226b972";"15/6/2011";"23:25";"PSOL";"Não"
"022e3fd82970dbaa1e1adef52226b972";"15/6/2011";"23:25";"DEM";"Não"
"022e3fd82970dbaa1e1adef52226b972";"15/6/2011";"23:25";"Repr.PMN";"Sim"
"022e3fd82970dbaa1e1adef52226b972";"15/6/2011";"23:25";"PrPrbPtdobPrtbPrpPhsPtcPsl";"Sim"
"022e3fd82970dbaa1e1adef52226b972";"15/6/2011";"23:25";"Minoria";"Não"
"022e3fd82970dbaa1e1adef52226b972";"15/6/2011";"23:25";"PDT";"Liberado"
"022e3fd82970dbaa1e1adef52226b972";"15/6/2011";"23:25";"PSC";"Sim"
"022e3fd82970dbaa1e1adef52226b972";"15/6/2011";"23:25";"GOV.";"Sim"
"022e3fd82970dbaa1e1adef52226b972";"15/6/2011";"23:25";"PvPps";"Liberado"
"022e3fd82970dbaa1e1adef52226b972";"15/6/2011";"23:25";"PT";"Sim"
"022e3fd82970dbaa1e1adef52226b972";"15/6/2011";"23:25";"PSDB";"Não"
"022e3fd82970dbaa1e1adef52226b972";"15/6/2011";"23:25";"PMDB";"Sim"
"022e3fd82970dbaa1e1adef52226b972";"15/6/2011";"23:25";"PsbPtbPcdob";"Sim"
"022e3fd82970dbaa1e1adef52226b972";"15/6/2011";"23:25";"PP";"Sim"
"23d9e4a9feaea91c605aef8be738d969";"28/6/2011";"18:59";"PSOL";"Não"
"23d9e4a9feaea91c605aef8be738d969";"28/6/2011";"18:59";"DEM";"Não"
"23d9e4a9feaea91c605aef8be738d969";"28/6/2011";"18:59";"Repr.PMN";"Sim"
"23d9e4a9feaea91c605aef8be738d969";"28/6/2011";"18:59";"PrPrbPtdobPrtbPrpPhsPtcPsl";"Sim"
"23d9e4a9feaea91c605aef8be738d969";"28/6/2011";"18:59";"Minoria";"Não"
"23d9e4a9feaea91c605aef8be738d969";"28/6/2011";"18:59";"PDT";"Sim"
"23d9e4a9feaea91c605aef8be738d969";"28/6/2011";"18:59";"PSC";"Sim"
"23d9e4a9feaea91c605aef8be738d969";"28/6/2011";"18:59";"GOV.";"Sim"
"23d9e4a9feaea91c605aef8be738d969";"28/6/2011";"18:59";"PvPps";"Liberado"
"23d9e4a9feaea91c605aef8be738d969";"28/6/2011";"18:59";"PT";"Sim"
"23d9e4a9feaea91c605aef8be738d969";"28/6/2011";"18:59";"PSDB";"Não"
"23d9e4a9feaea91c605aef8be738d969";"28/6/2011";"18:59";"PMDB";"Sim"
"23d9e4a9feaea91c605aef8be738d969";"28/6/2011";"18:59";"PsbPtbPcdob";"Sim"
"23d9e4a9feaea91c605aef8be738d969";"28/6/2011";"18:59";"PP";"Sim"
"3cf0fb7b222b2bbaec8757f41228b0c9";"28/6/2011";"20:23";"PSOL";"Não"
"3cf0fb7b222b2bbaec8757f41228b0c9";"28/6/2011";"20:23";"DEM";"Não"
"3cf0fb7b222b2bbaec8757f41228b0c9";"28/6/2011";"20:23";"Repr.PMN";"Sim"
"3cf0fb7b222b2bbaec8757f41228b0c9";"28/6/2011";"20:23";"PrPrbPtdobPrtbPrpPhsPtcPsl";"Sim"
"3cf0fb7b222b2bbaec8757f41228b0c9";"28/6/2011";"20:23";"Minoria";"Não"
"3cf0fb7b222b2bbaec8757f41228b0c9";"28/6/2011";"20:23";"PDT";"Sim"
"3cf0fb7b222b2bbaec8757f41228b0c9";"28/6/2011";"20:23";"PSC";"Sim"
"3cf0fb7b222b2bbaec8757f41228b0c9";"28/6/2011";"20:23";"GOV.";"Sim"
"3cf0fb7b222b2bbaec8757f41228b0c9";"28/6/2011";"20:23";"PvPps";"Liberado"
"3cf0fb7b222b2bbaec8757f41228b0c9";"28/6/2011";"20:23";"PT";"Sim"
"3cf0fb7b222b2bbaec8757f41228b0c9";"28/6/2011";"20:23";"PSDB";"Não"
"3cf0fb7b222b2bbaec8757f41228b0c9";"28/6/2011";"20:23";"PMDB";"Sim"
"3cf0fb7b222b2bbaec8757f41228b0c9";"28/6/2011";"20:23";"PsbPtbPcdob";"Sim"
"3cf0fb7b222b2bbaec8757f41228b0c9";"28/6/2011";"20:23";"PP";"Sim"
"af5aeae9a16ca99026ad627444e3a512";"28/6/2011";"21:24";"PSOL";"Não"
"af5aeae9a16ca99026ad627444e3a512";"28/6/2011";"21:24";"DEM";"Não"
"af5aeae9a16ca99026ad627444e3a512";"28/6/2011";"21:24";"PrPrbPtdobPrtbPrpPhsPtcPsl";"Sim"
"af5aeae9a16ca99026ad627444e3a512";"28/6/2011";"21:24";"Minoria";"Não"
"af5aeae9a16ca99026ad627444e3a512";"28/6/2011";"21:24";"PDT";"Sim"
"af5aeae9a16ca99026ad627444e3a512";"28/6/2011";"21:24";"PSC";"Liberado"
"af5aeae9a16ca99026ad627444e3a512";"28/6/2011";"21:24";"GOV.";"Sim"
"af5aeae9a16ca99026ad627444e3a512";"28/6/2011";"21:24";"PvPps";"Liberado"
"af5aeae9a16ca99026ad627444e3a512";"28/6/2011";"21:24";"PT";"Sim"
"af5aeae9a16ca99026ad627444e3a512";"28/6/2011";"21:24";"PSDB";"Não"
"af5aeae9a16ca99026ad627444e3a512";"28/6/2011";"21:24";"PMDB";"Sim"
"af5aeae9a16ca99026ad627444e3a512";"28/6/2011";"21:24";"PsbPtbPcdob";"Sim"
"af5aeae9a16ca99026ad627444e3a512";"28/6/2011";"21:24";"PP";"Sim"
"bf33cc8cb3dbd35457cac2c9aa574558";"28/6/2011";"21:48";"PSOL";"Não"
"bf33cc8cb3dbd35457cac2c9aa574558";"28/6/2011";"21:48";"DEM";"Não"
"bf33cc8cb3dbd35457cac2c9aa574558";"28/6/2011";"21:48";"PrPrbPtdobPrtbPrpPhsPtcPsl";"Sim"
"bf33cc8cb3dbd35457cac2c9aa574558";"28/6/2011";"21:48";"Minoria";"Não"
"bf33cc8cb3dbd35457cac2c9aa574558";"28/6/2011";"21:48";"PDT";"Sim"
"bf33cc8cb3dbd35457cac2c9aa574558";"28/6/2011";"21:48";"PSC";"Sim"
"bf33cc8cb3dbd35457cac2c9aa574558";"28/6/2011";"21:48";"GOV.";"Sim"
"bf33cc8cb3dbd35457cac2c9aa574558";"28/6/2011";"21:48";"PvPps";"Liberado"
"bf33cc8cb3dbd35457cac2c9aa574558";"28/6/2011";"21:48";"PT";"Sim"
"bf33cc8cb3dbd35457cac2c9aa574558";"28/6/2011";"21:48";"PSDB";"Não"
"bf33cc8cb3dbd35457cac2c9aa574558";"28/6/2011";"21:48";"PMDB";"Sim"
"bf33cc8cb3dbd35457cac2c9aa574558";"28/6/2011";"21:48";"PsbPtbPcdob";"Sim"
"bf33cc8cb3dbd35457cac2c9aa574558";"28/6/2011";"21:48";"PP";"Sim"
"72393b8cb22ab2de40f2ac4cd46b8386";"28/6/2011";"22:31";"PSOL";"Não"
"72393b8cb22ab2de40f2ac4cd46b8386";"28/6/2011";"22:31";"DEM";"Sim"
"72393b8cb22ab2de40f2ac4cd46b8386";"28/6/2011";"22:31";"PrPrbPtdobPrtbPrpPhsPtcPsl";"Sim"
"72393b8cb22ab2de40f2ac4cd46b8386";"28/6/2011";"22:31";"Minoria";"Sim"
"72393b8cb22ab2de40f2ac4cd46b8386";"28/6/2011";"22:31";"PDT";"Sim"
"72393b8cb22ab2de40f2ac4cd46b8386";"28/6/2011";"22:31";"PSC";"Sim"
"72393b8cb22ab2de40f2ac4cd46b8386";"28/6/2011";"22:31";"GOV.";"Sim"
"72393b8cb22ab2de40f2ac4cd46b8386";"28/6/2011";"22:31";"PvPps";"Sim"
"72393b8cb22ab2de40f2ac4cd46b8386";"28/6/2011";"22:31";"PT";"Sim"
"72393b8cb22ab2de40f2ac4cd46b8386";"28/6/2011";"22:31";"PSDB";"Sim"
"72393b8cb22ab2de40f2ac4cd46b8386";"28/6/2011";"22:31";"PMDB";"Sim"
"72393b8cb22ab2de40f2ac4cd46b8386";"28/6/2011";"22:31";"PsbPtbPcdob";"Sim"
"72393b8cb22ab2de40f2ac4cd46b8386";"28/6/2011";"22:31";"PP";"Sim"
"caadb03b6726bd2e30a07f9b81f7cb0f";"5/7/2011";"18:20";"PSOL";"Sim"
"caadb03b6726bd2e30a07f9b81f7cb0f";"5/7/2011";"18:20";"DEM";"Sim"
"caadb03b6726bd2e30a07f9b81f7cb0f";"5/7/2011";"18:20";"PrPrbPtdobPrtbPrpPhsPtcPsl";"Não"
"caadb03b6726bd2e30a07f9b81f7cb0f";"5/7/2011";"18:20";"Minoria";"Sim"
"caadb03b6726bd2e30a07f9b81f7cb0f";"5/7/2011";"18:20";"PDT";"Não"
"caadb03b6726bd2e30a07f9b81f7cb0f";"5/7/2011";"18:20";"PSC";"Não"
"caadb03b6726bd2e30a07f9b81f7cb0f";"5/7/2011";"18:20";"GOV.";"Não"
"caadb03b6726bd2e30a07f9b81f7cb0f";"5/7/2011";"18:20";"PvPps";"Sim"
"caadb03b6726bd2e30a07f9b81f7cb0f";"5/7/2011";"18:20";"PT";"Não"
"caadb03b6726bd2e30a07f9b81f7cb0f";"5/7/2011";"18:20";"PSDB";"Sim"
"caadb03b6726bd2e30a07f9b81f7cb0f";"5/7/2011";"18:20";"PMDB";"Não"
"caadb03b6726bd2e30a07f9b81f7cb0f";"5/7/2011";"18:20";"PsbPtbPcdob";"Não"
"caadb03b6726bd2e30a07f9b81f7cb0f";"5/7/2011";"18:20";"PP";"Não"
"df1888e717491652eaade77020edbf1e";"5/7/2011";"19:31";"PSOL";"Sim"
"df1888e717491652eaade77020edbf1e";"5/7/2011";"19:31";"DEM";"Sim"
"df1888e717491652eaade77020edbf1e";"5/7/2011";"19:31";"PrPrbPtdobPrtbPrpPhsPtcPsl";"Não"
"df1888e717491652eaade77020edbf1e";"5/7/2011";"19:31";"Minoria";"Sim"
"df1888e717491652eaade77020edbf1e";"5/7/2011";"19:31";"PDT";"Não"
"df1888e717491652eaade77020edbf1e";"5/7/2011";"19:31";"PSC";"Não"
"df1888e717491652eaade77020edbf1e";"5/7/2011";"19:31";"GOV.";"Não"
"df1888e717491652eaade77020edbf1e";"5/7/2011";"19:31";"PvPps";"Sim"
"df1888e717491652eaade77020edbf1e";"5/7/2011";"19:31";"PT";"Não"
"df1888e717491652eaade77020edbf1e";"5/7/2011";"19:31";"PSDB";"Sim"
"df1888e717491652eaade77020edbf1e";"5/7/2011";"19:31";"PMDB";"Não"
"df1888e717491652eaade77020edbf1e";"5/7/2011";"19:31";"PsbPtbPcdob";"Não"
"df1888e717491652eaade77020edbf1e";"5/7/2011";"19:31";"PP";"Não"
"c947034ed0b676c6c145f32fc97d2935";"3/8/2011";"18:01";"PSOL";"Não"
"c947034ed0b676c6c145f32fc97d2935";"3/8/2011";"18:01";"DEM";"Obstrução"
"c947034ed0b676c6c145f32fc97d2935";"3/8/2011";"18:01";"PrPrbPtdobPrtbPrpPhsPtcPsl";"Não"
"c947034ed0b676c6c145f32fc97d2935";"3/8/2011";"18:01";"Minoria";"Liberado"
"c947034ed0b676c6c145f32fc97d2935";"3/8/2011";"18:01";"PDT";"Não"
"c947034ed0b676c6c145f32fc97d2935";"3/8/2011";"18:01";"PSC";"Não"
"c947034ed0b676c6c145f32fc97d2935";"3/8/2011";"18:01";"GOV.";"Não"
"c947034ed0b676c6c145f32fc97d2935";"3/8/2011";"18:01";"PvPps";"Não"
"c947034ed0b676c6c145f32fc97d2935";"3/8/2011";"18:01";"PT";"Não"
"c947034ed0b676c6c145f32fc97d2935";"3/8/2011";"18:01";"PSDB";"Não"
"c947034ed0b676c6c145f32fc97d2935";"3/8/2011";"18:01";"PMDB";"Não"
"c947034ed0b676c6c145f32fc97d2935";"3/8/2011";"18:01";"PsbPtbPcdob";"Não"
"c947034ed0b676c6c145f32fc97d2935";"3/8/2011";"18:01";"PP";"Não"
"5b6b707e3f27a7c5c5589c0bd3ffe328";"3/8/2011";"19:53";"PSOL";"Não"
"5b6b707e3f27a7c5c5589c0bd3ffe328";"3/8/2011";"19:53";"DEM";"Obstrução"
"5b6b707e3f27a7c5c5589c0bd3ffe328";"3/8/2011";"19:53";"GOV.";"Não"
"5b6b707e3f27a7c5c5589c0bd3ffe328";"3/8/2011";"19:53";"Minoria";"Liberado"
"5b6b707e3f27a7c5c5589c0bd3ffe328";"3/8/2011";"19:53";"PDT";"Não"
"5b6b707e3f27a7c5c5589c0bd3ffe328";"3/8/2011";"19:53";"Repr.PRP";"Não"
"5b6b707e3f27a7c5c5589c0bd3ffe328";"3/8/2011";"19:53";"PSC";"Não"
"5b6b707e3f27a7c5c5589c0bd3ffe328";"3/8/2011";"19:53";"PR";"Não"
"5b6b707e3f27a7c5c5589c0bd3ffe328";"3/8/2011";"19:53";"PvPps";"Não"
"5b6b707e3f27a7c5c5589c0bd3ffe328";"3/8/2011";"19:53";"PT";"Não"
"5b6b707e3f27a7c5c5589c0bd3ffe328";"3/8/2011";"19:53";"PRB";"Não"
"5b6b707e3f27a7c5c5589c0bd3ffe328";"3/8/2011";"19:53";"Repr.PTdoB";"Não"
"5b6b707e3f27a7c5c5589c0bd3ffe328";"3/8/2011";"19:53";"Repr.PTC";"Não"
"5b6b707e3f27a7c5c5589c0bd3ffe328";"3/8/2011";"19:53";"Repr.PRTB";"Não"
"5b6b707e3f27a7c5c5589c0bd3ffe328";"3/8/2011";"19:53";"PSDB";"Não"
"5b6b707e3f27a7c5c5589c0bd3ffe328";"3/8/2011";"19:53";"Repr.PHS";"Não"
"5b6b707e3f27a7c5c5589c0bd3ffe328";"3/8/2011";"19:53";"PMDB";"Não"
"5b6b707e3f27a7c5c5589c0bd3ffe328";"3/8/2011";"19:53";"PsbPtbPcdob";"Não"
"5b6b707e3f27a7c5c5589c0bd3ffe328";"3/8/2011";"19:53";"Repr.PSL";"Não"
"5b6b707e3f27a7c5c5589c0bd3ffe328";"3/8/2011";"19:53";"PP";"Não"
"0fc1078618d8c841e73f593b08f6664f";"3/8/2011";"20:51";"PSOL";"Não"
"0fc1078618d8c841e73f593b08f6664f";"3/8/2011";"20:51";"DEM";"Obstrução"
"0fc1078618d8c841e73f593b08f6664f";"3/8/2011";"20:51";"PrPtdobPrtbPrpPhsPtcPsl";"Não"
"0fc1078618d8c841e73f593b08f6664f";"3/8/2011";"20:51";"Minoria";"Liberado"
"0fc1078618d8c841e73f593b08f6664f";"3/8/2011";"20:51";"PDT";"Não"
"0fc1078618d8c841e73f593b08f6664f";"3/8/2011";"20:51";"PSC";"Não"
"0fc1078618d8c841e73f593b08f6664f";"3/8/2011";"20:51";"GOV.";"Não"
"0fc1078618d8c841e73f593b08f6664f";"3/8/2011";"20:51";"PvPps";"Não"
"0fc1078618d8c841e73f593b08f6664f";"3/8/2011";"20:51";"PT";"Não"
"0fc1078618d8c841e73f593b08f6664f";"3/8/2011";"20:51";"PRB";"Não"
"0fc1078618d8c841e73f593b08f6664f";"3/8/2011";"20:51";"PSDB";"Não"
"0fc1078618d8c841e73f593b08f6664f";"3/8/2011";"20:51";"PMDB";"Não"
"0fc1078618d8c841e73f593b08f6664f";"3/8/2011";"20:51";"PsbPtbPcdob";"Não"
"0fc1078618d8c841e73f593b08f6664f";"3/8/2011";"20:51";"PP";"Não"
"632261932ed363c198839002e38a6dd0";"16/8/2011";"19:05";"PSOL";"Obstrução"
"632261932ed363c198839002e38a6dd0";"16/8/2011";"19:05";"DEM";"Obstrução"
"632261932ed363c198839002e38a6dd0";"16/8/2011";"19:05";"PrPtdobPrtbPrpPhsPtcPsl";"Não"
"632261932ed363c198839002e38a6dd0";"16/8/2011";"19:05";"Minoria";"Obstrução"
"632261932ed363c198839002e38a6dd0";"16/8/2011";"19:05";"PDT";"Não"
"632261932ed363c198839002e38a6dd0";"16/8/2011";"19:05";"GOV.";"Não"
"632261932ed363c198839002e38a6dd0";"16/8/2011";"19:05";"PvPps";"Obstrução"
"632261932ed363c198839002e38a6dd0";"16/8/2011";"19:05";"PT";"Não"
"632261932ed363c198839002e38a6dd0";"16/8/2011";"19:05";"PRB";"Não"
"632261932ed363c198839002e38a6dd0";"16/8/2011";"19:05";"PSDB";"Obstrução"
"632261932ed363c198839002e38a6dd0";"16/8/2011";"19:05";"PMDB";"Não"
"632261932ed363c198839002e38a6dd0";"16/8/2011";"19:05";"PsbPtbPcdob";"Não"
"632261932ed363c198839002e38a6dd0";"16/8/2011";"19:05";"PP";"Não"
"e5042284184e7c53cf7fbc9e94d19592";"17/8/2011";"17:04";"PSOL";"Obstrução"
"e5042284184e7c53cf7fbc9e94d19592";"17/8/2011";"17:04";"DEM";"Obstrução"
"e5042284184e7c53cf7fbc9e94d19592";"17/8/2011";"17:04";"PrPtdobPrtbPrpPhsPtcPsl";"Não"
"e5042284184e7c53cf7fbc9e94d19592";"17/8/2011";"17:04";"PDT";"Não"
"e5042284184e7c53cf7fbc9e94d19592";"17/8/2011";"17:04";"PSC";"Não"
"e5042284184e7c53cf7fbc9e94d19592";"17/8/2011";"17:04";"GOV.";"Não"
"e5042284184e7c53cf7fbc9e94d19592";"17/8/2011";"17:04";"PvPps";"Liberado"
"e5042284184e7c53cf7fbc9e94d19592";"17/8/2011";"17:04";"PT";"Não"
"e5042284184e7c53cf7fbc9e94d19592";"17/8/2011";"17:04";"PRB";"Não"
"e5042284184e7c53cf7fbc9e94d19592";"17/8/2011";"17:04";"PSDB";"Obstrução"
"e5042284184e7c53cf7fbc9e94d19592";"17/8/2011";"17:04";"PMDB";"Não"
"e5042284184e7c53cf7fbc9e94d19592";"17/8/2011";"17:04";"PsbPtbPcdob";"Não"
"e5042284184e7c53cf7fbc9e94d19592";"17/8/2011";"17:04";"PP";"Não"
"870257703971703062362c4581d4b97f";"17/8/2011";"19:15";"PSOL";"Obstrução"
"870257703971703062362c4581d4b97f";"17/8/2011";"19:15";"DEM";"Obstrução"
"870257703971703062362c4581d4b97f";"17/8/2011";"19:15";"PrPtdobPrtbPrpPhsPtcPsl";"Sim"
"870257703971703062362c4581d4b97f";"17/8/2011";"19:15";"Minoria";"Obstrução"
"870257703971703062362c4581d4b97f";"17/8/2011";"19:15";"PDT";"Sim"
"870257703971703062362c4581d4b97f";"17/8/2011";"19:15";"PSC";"Sim"
"870257703971703062362c4581d4b97f";"17/8/2011";"19:15";"GOV.";"Sim"
"870257703971703062362c4581d4b97f";"17/8/2011";"19:15";"PvPps";"Liberado"
"870257703971703062362c4581d4b97f";"17/8/2011";"19:15";"PT";"Sim"
"870257703971703062362c4581d4b97f";"17/8/2011";"19:15";"PRB";"Sim"
"870257703971703062362c4581d4b97f";"17/8/2011";"19:15";"PSDB";"Obstrução"
"870257703971703062362c4581d4b97f";"17/8/2011";"19:15";"PMDB";"Sim"
"870257703971703062362c4581d4b97f";"17/8/2011";"19:15";"PsbPtbPcdob";"Sim"
"870257703971703062362c4581d4b97f";"17/8/2011";"19:15";"PP";"Sim"
"c0dcff8adc0bac9064f230f6720020ec";"17/8/2011";"21:38";"PSOL";"Não"
"c0dcff8adc0bac9064f230f6720020ec";"17/8/2011";"21:38";"DEM";"Não"
"c0dcff8adc0bac9064f230f6720020ec";"17/8/2011";"21:38";"PrPtdobPrtbPrpPhsPtcPsl";"Não"
"c0dcff8adc0bac9064f230f6720020ec";"17/8/2011";"21:38";"Minoria";"Não"
"c0dcff8adc0bac9064f230f6720020ec";"17/8/2011";"21:38";"PDT";"Não"
"c0dcff8adc0bac9064f230f6720020ec";"17/8/2011";"21:38";"PSC";"Sim"
"c0dcff8adc0bac9064f230f6720020ec";"17/8/2011";"21:38";"GOV.";"Sim"
"c0dcff8adc0bac9064f230f6720020ec";"17/8/2011";"21:38";"PvPps";"Liberado"
"c0dcff8adc0bac9064f230f6720020ec";"17/8/2011";"21:38";"PT";"Sim"
"c0dcff8adc0bac9064f230f6720020ec";"17/8/2011";"21:38";"PRB";"Não"
"c0dcff8adc0bac9064f230f6720020ec";"17/8/2011";"21:38";"PSDB";"Não"
"c0dcff8adc0bac9064f230f6720020ec";"17/8/2011";"21:38";"PMDB";"Sim"
"c0dcff8adc0bac9064f230f6720020ec";"17/8/2011";"21:38";"PsbPtbPcdob";"Sim"
"c0dcff8adc0bac9064f230f6720020ec";"17/8/2011";"21:38";"PP";"Sim"
"10446f97bf303acb40eac0d9987264aa";"23/8/2011";"18:44";"PSOL";"Não"
"10446f97bf303acb40eac0d9987264aa";"23/8/2011";"18:44";"DEM";"Não"
"10446f97bf303acb40eac0d9987264aa";"23/8/2011";"18:44";"PrPtdobPrtbPrpPhsPtcPsl";"Não"
"10446f97bf303acb40eac0d9987264aa";"23/8/2011";"18:44";"Minoria";"Não"
"10446f97bf303acb40eac0d9987264aa";"23/8/2011";"18:44";"PDT";"Sim"
"10446f97bf303acb40eac0d9987264aa";"23/8/2011";"18:44";"PSC";"Sim"
"10446f97bf303acb40eac0d9987264aa";"23/8/2011";"18:44";"GOV.";"Sim"
"10446f97bf303acb40eac0d9987264aa";"23/8/2011";"18:44";"PvPps";"Liberado"
"10446f97bf303acb40eac0d9987264aa";"23/8/2011";"18:44";"PT";"Sim"
"10446f97bf303acb40eac0d9987264aa";"23/8/2011";"18:44";"PRB";"Não"
"10446f97bf303acb40eac0d9987264aa";"23/8/2011";"18:44";"PSDB";"Não"
"10446f97bf303acb40eac0d9987264aa";"23/8/2011";"18:44";"PMDB";"Sim"
"10446f97bf303acb40eac0d9987264aa";"23/8/2011";"18:44";"PsbPtbPcdob";"Sim"
"10446f97bf303acb40eac0d9987264aa";"23/8/2011";"18:44";"PP";"Sim"
"968304aff0d7ed469635cfa18225ac60";"23/8/2011";"19:56";"PSOL";"Não"
"968304aff0d7ed469635cfa18225ac60";"23/8/2011";"19:56";"DEM";"Não"
"968304aff0d7ed469635cfa18225ac60";"23/8/2011";"19:56";"PrPtdobPrtbPrpPhsPtcPsl";"Não"
"968304aff0d7ed469635cfa18225ac60";"23/8/2011";"19:56";"Minoria";"Não"
"968304aff0d7ed469635cfa18225ac60";"23/8/2011";"19:56";"PDT";"Sim"
"968304aff0d7ed469635cfa18225ac60";"23/8/2011";"19:56";"PSC";"Sim"
"968304aff0d7ed469635cfa18225ac60";"23/8/2011";"19:56";"GOV.";"Sim"
"968304aff0d7ed469635cfa18225ac60";"23/8/2011";"19:56";"PvPps";"Liberado"
"968304aff0d7ed469635cfa18225ac60";"23/8/2011";"19:56";"PT";"Sim"
"968304aff0d7ed469635cfa18225ac60";"23/8/2011";"19:56";"PRB";"Não"
"968304aff0d7ed469635cfa18225ac60";"23/8/2011";"19:56";"PSDB";"Não"
"968304aff0d7ed469635cfa18225ac60";"23/8/2011";"19:56";"PMDB";"Sim"
"968304aff0d7ed469635cfa18225ac60";"23/8/2011";"19:56";"PsbPtbPcdob";"Sim"
"968304aff0d7ed469635cfa18225ac60";"23/8/2011";"19:56";"PP";"Sim"
"2538262268e3a9f11158589b74831aa8";"31/8/2011";"18:18";"PSOL";"Sim"
"2538262268e3a9f11158589b74831aa8";"31/8/2011";"18:18";"DEM";"Sim"
"2538262268e3a9f11158589b74831aa8";"31/8/2011";"18:18";"PrPtdobPrtbPrpPhsPtcPsl";"Sim"
"2538262268e3a9f11158589b74831aa8";"31/8/2011";"18:18";"Minoria";"Liberado"
"2538262268e3a9f11158589b74831aa8";"31/8/2011";"18:18";"PDT";"Liberado"
"2538262268e3a9f11158589b74831aa8";"31/8/2011";"18:18";"PSC";"Sim"
"2538262268e3a9f11158589b74831aa8";"31/8/2011";"18:18";"GOV.";"Não"
"2538262268e3a9f11158589b74831aa8";"31/8/2011";"18:18";"PvPps";"Sim"
"2538262268e3a9f11158589b74831aa8";"31/8/2011";"18:18";"PT";"Não"
"2538262268e3a9f11158589b74831aa8";"31/8/2011";"18:18";"PRB";"Sim"
"2538262268e3a9f11158589b74831aa8";"31/8/2011";"18:18";"PSDB";"Liberado"
"2538262268e3a9f11158589b74831aa8";"31/8/2011";"18:18";"PMDB";"Liberado"
"2538262268e3a9f11158589b74831aa8";"31/8/2011";"18:18";"PsbPtbPcdob";"Liberado"
"2538262268e3a9f11158589b74831aa8";"31/8/2011";"18:18";"PP";"Não"
"afd8f69201457b72d33621a494e1893b";"21/9/2011";"19:26";"PSOL";"Sim"
"afd8f69201457b72d33621a494e1893b";"21/9/2011";"19:26";"DEM";"Sim"
"afd8f69201457b72d33621a494e1893b";"21/9/2011";"19:26";"PDT";"Sim"
"afd8f69201457b72d33621a494e1893b";"21/9/2011";"19:26";"PrPtdobPrpPhsPtcPsl";"Liberado"
"afd8f69201457b72d33621a494e1893b";"21/9/2011";"19:26";"PSC";"Sim"
"afd8f69201457b72d33621a494e1893b";"21/9/2011";"19:26";"GOV.";"Sim"
"afd8f69201457b72d33621a494e1893b";"21/9/2011";"19:26";"PvPps";"Sim"
"afd8f69201457b72d33621a494e1893b";"21/9/2011";"19:26";"PT";"Sim"
"afd8f69201457b72d33621a494e1893b";"21/9/2011";"19:26";"PRB";"Liberado"
"afd8f69201457b72d33621a494e1893b";"21/9/2011";"19:26";"PSDB";"Sim"
"afd8f69201457b72d33621a494e1893b";"21/9/2011";"19:26";"PMDB";"Sim"
"afd8f69201457b72d33621a494e1893b";"21/9/2011";"19:26";"PsbPtbPcdob";"Liberado"
"afd8f69201457b72d33621a494e1893b";"21/9/2011";"19:26";"PP";"Sim"
"b25a813c45a40b7d813ac3bbe01a713d";"24/8/2011";"20:38";"PSOL";"Obstrução"
"b25a813c45a40b7d813ac3bbe01a713d";"24/8/2011";"20:38";"DEM";"Obstrução"
"b25a813c45a40b7d813ac3bbe01a713d";"24/8/2011";"20:38";"PrPtdobPrtbPrpPhsPtcPsl";"Não"
"b25a813c45a40b7d813ac3bbe01a713d";"24/8/2011";"20:38";"Minoria";"Sim"
"b25a813c45a40b7d813ac3bbe01a713d";"24/8/2011";"20:38";"PDT";"Não"
"b25a813c45a40b7d813ac3bbe01a713d";"24/8/2011";"20:38";"PSC";"Não"
"b25a813c45a40b7d813ac3bbe01a713d";"24/8/2011";"20:38";"GOV.";"Não"
"b25a813c45a40b7d813ac3bbe01a713d";"24/8/2011";"20:38";"PvPps";"Não"
"b25a813c45a40b7d813ac3bbe01a713d";"24/8/2011";"20:38";"PT";"Não"
"b25a813c45a40b7d813ac3bbe01a713d";"24/8/2011";"20:38";"PRB";"Não"
"b25a813c45a40b7d813ac3bbe01a713d";"24/8/2011";"20:38";"PSDB";"Obstrução"
"b25a813c45a40b7d813ac3bbe01a713d";"24/8/2011";"20:38";"PMDB";"Não"
"b25a813c45a40b7d813ac3bbe01a713d";"24/8/2011";"20:38";"PsbPtbPcdob";"Não"
"b25a813c45a40b7d813ac3bbe01a713d";"24/8/2011";"20:38";"PMN";"Não"
"b25a813c45a40b7d813ac3bbe01a713d";"24/8/2011";"20:38";"PP";"Não"
"b586e56549d92a0715922a89acdbf46d";"11/10/2011";"12:51";"PSOL";"Obstrução"
"b586e56549d92a0715922a89acdbf46d";"11/10/2011";"12:51";"DEM";"Obstrução"
"b586e56549d92a0715922a89acdbf46d";"11/10/2011";"12:51";"Minoria";"Obstrução"
"b586e56549d92a0715922a89acdbf46d";"11/10/2011";"12:51";"PDT";"Obstrução"
"b586e56549d92a0715922a89acdbf46d";"11/10/2011";"12:51";"PrPtdobPrpPhsPtcPsl";"Obstrução"
"b586e56549d92a0715922a89acdbf46d";"11/10/2011";"12:51";"PSC";"Obstrução"
"b586e56549d92a0715922a89acdbf46d";"11/10/2011";"12:51";"GOV.";"Sim"
"b586e56549d92a0715922a89acdbf46d";"11/10/2011";"12:51";"PvPps";"Obstrução"
"b586e56549d92a0715922a89acdbf46d";"11/10/2011";"12:51";"PT";"Obstrução"
"b586e56549d92a0715922a89acdbf46d";"11/10/2011";"12:51";"PRB";"Obstrução"
"b586e56549d92a0715922a89acdbf46d";"11/10/2011";"12:51";"PSDB";"Obstrução"
"b586e56549d92a0715922a89acdbf46d";"11/10/2011";"12:51";"PMDB";"Obstrução"
"b586e56549d92a0715922a89acdbf46d";"11/10/2011";"12:51";"PsbPtbPcdob";"Obstrução"
"b586e56549d92a0715922a89acdbf46d";"11/10/2011";"12:51";"PP";"Obstrução"
"beaa4ff4eaf58209866e4a721369601b";"1/11/2011";"12:04";"PSOL";"Não"
"beaa4ff4eaf58209866e4a721369601b";"1/11/2011";"12:04";"DEM";"Obstrução"
"beaa4ff4eaf58209866e4a721369601b";"1/11/2011";"12:04";"Minoria";"Obstrução"
"beaa4ff4eaf58209866e4a721369601b";"1/11/2011";"12:04";"PDT";"Obstrução"
"beaa4ff4eaf58209866e4a721369601b";"1/11/2011";"12:04";"PrPtdobPrpPhsPtcPsl";"Obstrução"
"beaa4ff4eaf58209866e4a721369601b";"1/11/2011";"12:04";"PSC";"Obstrução"
"beaa4ff4eaf58209866e4a721369601b";"1/11/2011";"12:04";"GOV.";"Não"
"beaa4ff4eaf58209866e4a721369601b";"1/11/2011";"12:04";"PvPps";"Obstrução"
"beaa4ff4eaf58209866e4a721369601b";"1/11/2011";"12:04";"PT";"Obstrução"
"beaa4ff4eaf58209866e4a721369601b";"1/11/2011";"12:04";"PRB";"Obstrução"
"beaa4ff4eaf58209866e4a721369601b";"1/11/2011";"12:04";"PSD";"Obstrução"
"beaa4ff4eaf58209866e4a721369601b";"1/11/2011";"12:04";"PSDB";"Obstrução"
"beaa4ff4eaf58209866e4a721369601b";"1/11/2011";"12:04";"PMDB";"Obstrução"
"beaa4ff4eaf58209866e4a721369601b";"1/11/2011";"12:04";"PsbPtbPcdob";"Obstrução"
"beaa4ff4eaf58209866e4a721369601b";"1/11/2011";"12:04";"PP";"Obstrução"
"c27b771c91af3439d547f619680ecc5f";"8/6/2011";"20:42";"PSOL";"Não"
"c27b771c91af3439d547f619680ecc5f";"8/6/2011";"20:42";"DEM";"Sim"
"c27b771c91af3439d547f619680ecc5f";"8/6/2011";"20:42";"PrPrbPtdobPrtbPrpPhsPtcPsl";"Não"
"c27b771c91af3439d547f619680ecc5f";"8/6/2011";"20:42";"Minoria";"Sim"
"c27b771c91af3439d547f619680ecc5f";"8/6/2011";"20:42";"PDT";"Não"
"c27b771c91af3439d547f619680ecc5f";"8/6/2011";"20:42";"PSC";"Não"
"c27b771c91af3439d547f619680ecc5f";"8/6/2011";"20:42";"GOV.";"Não"
"c27b771c91af3439d547f619680ecc5f";"8/6/2011";"20:42";"PvPps";"Liberado"
"c27b771c91af3439d547f619680ecc5f";"8/6/2011";"20:42";"PT";"Não"
"c27b771c91af3439d547f619680ecc5f";"8/6/2011";"20:42";"PSDB";"Sim"
"c27b771c91af3439d547f619680ecc5f";"8/6/2011";"20:42";"PMDB";"Não"
"c27b771c91af3439d547f619680ecc5f";"8/6/2011";"20:42";"PsbPtbPcdob";"Não"
"c27b771c91af3439d547f619680ecc5f";"8/6/2011";"20:42";"PP";"Não"
"fe63637389a4d608670f1923fa5ec1ef";"20/9/2011";"21:07";"PSOL";"Não"
"fe63637389a4d608670f1923fa5ec1ef";"20/9/2011";"21:07";"DEM";"Não"
"fe63637389a4d608670f1923fa5ec1ef";"20/9/2011";"21:07";"Minoria";"Não"
"fe63637389a4d608670f1923fa5ec1ef";"20/9/2011";"21:07";"PDT";"Sim"
"fe63637389a4d608670f1923fa5ec1ef";"20/9/2011";"21:07";"PrPtdobPrpPhsPtcPsl";"Sim"
"fe63637389a4d608670f1923fa5ec1ef";"20/9/2011";"21:07";"PSC";"Liberado"
"fe63637389a4d608670f1923fa5ec1ef";"20/9/2011";"21:07";"GOV.";"Sim"
"fe63637389a4d608670f1923fa5ec1ef";"20/9/2011";"21:07";"PvPps";"Liberado"
"fe63637389a4d608670f1923fa5ec1ef";"20/9/2011";"21:07";"PT";"Sim"
"fe63637389a4d608670f1923fa5ec1ef";"20/9/2011";"21:07";"PRB";"Sim"
"fe63637389a4d608670f1923fa5ec1ef";"20/9/2011";"21:07";"PSDB";"Não"
"fe63637389a4d608670f1923fa5ec1ef";"20/9/2011";"21:07";"PMDB";"Sim"
"fe63637389a4d608670f1923fa5ec1ef";"20/9/2011";"21:07";"PsbPtbPcdob";"Liberado"
"fe63637389a4d608670f1923fa5ec1ef";"20/9/2011";"21:07";"PP";"Sim"
"5dc3bbc924ab2fb0b427f8b7b4a3ce86";"5/10/2011";"19:04";"PSOL";"Não"
"5dc3bbc924ab2fb0b427f8b7b4a3ce86";"5/10/2011";"19:04";"DEM";"Sim"
"5dc3bbc924ab2fb0b427f8b7b4a3ce86";"5/10/2011";"19:04";"Minoria";"Sim"
"5dc3bbc924ab2fb0b427f8b7b4a3ce86";"5/10/2011";"19:04";"PDT";"Não"
"5dc3bbc924ab2fb0b427f8b7b4a3ce86";"5/10/2011";"19:04";"PrPtdobPrpPhsPtcPsl";"Não"
"5dc3bbc924ab2fb0b427f8b7b4a3ce86";"5/10/2011";"19:04";"PSC";"Sim"
"5dc3bbc924ab2fb0b427f8b7b4a3ce86";"5/10/2011";"19:04";"GOV.";"Não"
"5dc3bbc924ab2fb0b427f8b7b4a3ce86";"5/10/2011";"19:04";"PvPps";"Sim"
"5dc3bbc924ab2fb0b427f8b7b4a3ce86";"5/10/2011";"19:04";"PT";"Não"
"5dc3bbc924ab2fb0b427f8b7b4a3ce86";"5/10/2011";"19:04";"PRB";"Não"
"5dc3bbc924ab2fb0b427f8b7b4a3ce86";"5/10/2011";"19:04";"PSDB";"Sim"
"5dc3bbc924ab2fb0b427f8b7b4a3ce86";"5/10/2011";"19:04";"PMDB";"Não"
"5dc3bbc924ab2fb0b427f8b7b4a3ce86";"5/10/2011";"19:04";"PsbPtbPcdob";"Não"
"5dc3bbc924ab2fb0b427f8b7b4a3ce86";"5/10/2011";"19:04";"PP";"Não"
"ec92f6007d9f4e6c2a6e5922a8645137";"8/11/2011";"18:50";"PSOL";"Sim"
"ec92f6007d9f4e6c2a6e5922a8645137";"8/11/2011";"18:50";"DEM";"Obstrução"
"ec92f6007d9f4e6c2a6e5922a8645137";"8/11/2011";"18:50";"Minoria";"Sim"
"ec92f6007d9f4e6c2a6e5922a8645137";"8/11/2011";"18:50";"PDT";"Não"
"ec92f6007d9f4e6c2a6e5922a8645137";"8/11/2011";"18:50";"PrPtdobPrpPhsPtcPsl";"Não"
"ec92f6007d9f4e6c2a6e5922a8645137";"8/11/2011";"18:50";"PSC";"Não"
"ec92f6007d9f4e6c2a6e5922a8645137";"8/11/2011";"18:50";"GOV.";"Não"
"ec92f6007d9f4e6c2a6e5922a8645137";"8/11/2011";"18:50";"PvPps";"Liberado"
"ec92f6007d9f4e6c2a6e5922a8645137";"8/11/2011";"18:50";"PT";"Não"
"ec92f6007d9f4e6c2a6e5922a8645137";"8/11/2011";"18:50";"PRB";"Não"
"ec92f6007d9f4e6c2a6e5922a8645137";"8/11/2011";"18:50";"PSD";"Não"
"ec92f6007d9f4e6c2a6e5922a8645137";"8/11/2011";"18:50";"PSDB";"Obstrução"
"ec92f6007d9f4e6c2a6e5922a8645137";"8/11/2011";"18:50";"PMDB";"Não"
"ec92f6007d9f4e6c2a6e5922a8645137";"8/11/2011";"18:50";"PsbPtbPcdob";"Não"
"ec92f6007d9f4e6c2a6e5922a8645137";"8/11/2011";"18:50";"PP";"Não"
"11e101e3156e5bd5a57365b2f705778e";"8/11/2011";"20:24";"PSOL";"Sim"
"11e101e3156e5bd5a57365b2f705778e";"8/11/2011";"20:24";"DEM";"Obstrução"
"11e101e3156e5bd5a57365b2f705778e";"8/11/2011";"20:24";"Minoria";"Obstrução"
"11e101e3156e5bd5a57365b2f705778e";"8/11/2011";"20:24";"PDT";"Não"
"11e101e3156e5bd5a57365b2f705778e";"8/11/2011";"20:24";"PrPtdobPrpPhsPtcPsl";"Não"
"11e101e3156e5bd5a57365b2f705778e";"8/11/2011";"20:24";"PSC";"Não"
"11e101e3156e5bd5a57365b2f705778e";"8/11/2011";"20:24";"GOV.";"Não"
"11e101e3156e5bd5a57365b2f705778e";"8/11/2011";"20:24";"PvPps";"Liberado"
"11e101e3156e5bd5a57365b2f705778e";"8/11/2011";"20:24";"PT";"Não"
"11e101e3156e5bd5a57365b2f705778e";"8/11/2011";"20:24";"PRB";"Não"
"11e101e3156e5bd5a57365b2f705778e";"8/11/2011";"20:24";"PSD";"Não"
"11e101e3156e5bd5a57365b2f705778e";"8/11/2011";"20:24";"PSDB";"Obstrução"
"11e101e3156e5bd5a57365b2f705778e";"8/11/2011";"20:24";"PMDB";"Não"
"11e101e3156e5bd5a57365b2f705778e";"8/11/2011";"20:24";"PsbPtbPcdob";"Não"
"11e101e3156e5bd5a57365b2f705778e";"8/11/2011";"20:24";"PP";"Não"
"6195e9f39542d62bdaf6d4fb7206754c";"8/11/2011";"21:37";"PSOL";"Sim"
"6195e9f39542d62bdaf6d4fb7206754c";"8/11/2011";"21:37";"DEM";"Obstrução"
"6195e9f39542d62bdaf6d4fb7206754c";"8/11/2011";"21:37";"Minoria";"Obstrução"
"6195e9f39542d62bdaf6d4fb7206754c";"8/11/2011";"21:37";"PDT";"Não"
"6195e9f39542d62bdaf6d4fb7206754c";"8/11/2011";"21:37";"PrPtdobPrpPhsPtcPsl";"Não"
"6195e9f39542d62bdaf6d4fb7206754c";"8/11/2011";"21:37";"PSC";"Não"
"6195e9f39542d62bdaf6d4fb7206754c";"8/11/2011";"21:37";"GOV.";"Não"
"6195e9f39542d62bdaf6d4fb7206754c";"8/11/2011";"21:37";"PvPps";"Liberado"
"6195e9f39542d62bdaf6d4fb7206754c";"8/11/2011";"21:37";"PT";"Não"
"6195e9f39542d62bdaf6d4fb7206754c";"8/11/2011";"21:37";"PRB";"Não"
"6195e9f39542d62bdaf6d4fb7206754c";"8/11/2011";"21:37";"Repr.PRTB";"Não"
"6195e9f39542d62bdaf6d4fb7206754c";"8/11/2011";"21:37";"PSD";"Não"
"6195e9f39542d62bdaf6d4fb7206754c";"8/11/2011";"21:37";"PSDB";"Obstrução"
"6195e9f39542d62bdaf6d4fb7206754c";"8/11/2011";"21:37";"PMDB";"Não"
"6195e9f39542d62bdaf6d4fb7206754c";"8/11/2011";"21:37";"PsbPtbPcdob";"Não"
"6195e9f39542d62bdaf6d4fb7206754c";"8/11/2011";"21:37";"PP";"Não"
"0c9e46a5bb01727ef030600e758883c5";"8/11/2011";"23:19";"PSOL";"Sim"
"0c9e46a5bb01727ef030600e758883c5";"8/11/2011";"23:19";"DEM";"Obstrução"
"0c9e46a5bb01727ef030600e758883c5";"8/11/2011";"23:19";"Minoria";"Sim"
"0c9e46a5bb01727ef030600e758883c5";"8/11/2011";"23:19";"PDT";"Não"
"0c9e46a5bb01727ef030600e758883c5";"8/11/2011";"23:19";"PrPtdobPrpPhsPtcPsl";"Não"
"0c9e46a5bb01727ef030600e758883c5";"8/11/2011";"23:19";"PSC";"Não"
"0c9e46a5bb01727ef030600e758883c5";"8/11/2011";"23:19";"GOV.";"Não"
"0c9e46a5bb01727ef030600e758883c5";"8/11/2011";"23:19";"PvPps";"Liberado"
"0c9e46a5bb01727ef030600e758883c5";"8/11/2011";"23:19";"PT";"Não"
"0c9e46a5bb01727ef030600e758883c5";"8/11/2011";"23:19";"PRB";"Não"
"0c9e46a5bb01727ef030600e758883c5";"8/11/2011";"23:19";"PSD";"Não"
"0c9e46a5bb01727ef030600e758883c5";"8/11/2011";"23:19";"PSDB";"Obstrução"
"0c9e46a5bb01727ef030600e758883c5";"8/11/2011";"23:19";"PMDB";"Não"
"0c9e46a5bb01727ef030600e758883c5";"8/11/2011";"23:19";"PsbPtbPcdob";"Não"
"0c9e46a5bb01727ef030600e758883c5";"8/11/2011";"23:19";"PP";"Não"
"cd1f0d6a35d39299a29a7d91df91d109";"8/11/2011";"00:37";"PSOL";"Não"
"cd1f0d6a35d39299a29a7d91df91d109";"8/11/2011";"00:37";"DEM";"Obstrução"
"cd1f0d6a35d39299a29a7d91df91d109";"8/11/2011";"00:37";"Minoria";"Obstrução"
"cd1f0d6a35d39299a29a7d91df91d109";"8/11/2011";"00:37";"PDT";"Sim"
"cd1f0d6a35d39299a29a7d91df91d109";"8/11/2011";"00:37";"PrPtdobPrpPhsPtcPsl";"Sim"
"cd1f0d6a35d39299a29a7d91df91d109";"8/11/2011";"00:37";"PSC";"Sim"
"cd1f0d6a35d39299a29a7d91df91d109";"8/11/2011";"00:37";"GOV.";"Sim"
"cd1f0d6a35d39299a29a7d91df91d109";"8/11/2011";"00:37";"PvPps";"Obstrução"
"cd1f0d6a35d39299a29a7d91df91d109";"8/11/2011";"00:37";"PT";"Sim"
"cd1f0d6a35d39299a29a7d91df91d109";"8/11/2011";"00:37";"PRB";"Sim"
"cd1f0d6a35d39299a29a7d91df91d109";"8/11/2011";"00:37";"Repr.PRTB";"Sim"
"cd1f0d6a35d39299a29a7d91df91d109";"8/11/2011";"00:37";"PSD";"Sim"
"cd1f0d6a35d39299a29a7d91df91d109";"8/11/2011";"00:37";"PSDB";"Obstrução"
"cd1f0d6a35d39299a29a7d91df91d109";"8/11/2011";"00:37";"PMDB";"Sim"
"cd1f0d6a35d39299a29a7d91df91d109";"8/11/2011";"00:37";"PsbPtbPcdob";"Sim"
"cd1f0d6a35d39299a29a7d91df91d109";"8/11/2011";"00:37";"PP";"Sim"
"ea4fe210f03b9d43e367dfcb8fed0a4c";"8/11/2011";"01:13";"PSOL";"Sim"
"ea4fe210f03b9d43e367dfcb8fed0a4c";"8/11/2011";"01:13";"DEM";"Obstrução"
"ea4fe210f03b9d43e367dfcb8fed0a4c";"8/11/2011";"01:13";"Minoria";"Sim"
"ea4fe210f03b9d43e367dfcb8fed0a4c";"8/11/2011";"01:13";"PDT";"Não"
"ea4fe210f03b9d43e367dfcb8fed0a4c";"8/11/2011";"01:13";"PrPtdobPrpPhsPtcPsl";"Não"
"ea4fe210f03b9d43e367dfcb8fed0a4c";"8/11/2011";"01:13";"PSC";"Não"
"ea4fe210f03b9d43e367dfcb8fed0a4c";"8/11/2011";"01:13";"GOV.";"Não"
"ea4fe210f03b9d43e367dfcb8fed0a4c";"8/11/2011";"01:13";"PvPps";"Liberado"
"ea4fe210f03b9d43e367dfcb8fed0a4c";"8/11/2011";"01:13";"PT";"Não"
"ea4fe210f03b9d43e367dfcb8fed0a4c";"8/11/2011";"01:13";"PRB";"Não"
"ea4fe210f03b9d43e367dfcb8fed0a4c";"8/11/2011";"01:13";"Repr.PRTB";"Não"
"ea4fe210f03b9d43e367dfcb8fed0a4c";"8/11/2011";"01:13";"PSD";"Não"
"ea4fe210f03b9d43e367dfcb8fed0a4c";"8/11/2011";"01:13";"PSDB";"Obstrução"
"ea4fe210f03b9d43e367dfcb8fed0a4c";"8/11/2011";"01:13";"PMDB";"Não"
"ea4fe210f03b9d43e367dfcb8fed0a4c";"8/11/2011";"01:13";"PsbPtbPcdob";"Não"
"ea4fe210f03b9d43e367dfcb8fed0a4c";"8/11/2011";"01:13";"PP";"Não"
"ac0542391332327f23444b1db9168adf";"8/11/2011";"01:31";"PSOL";"Não"
"ac0542391332327f23444b1db9168adf";"8/11/2011";"01:31";"DEM";"Obstrução"
"ac0542391332327f23444b1db9168adf";"8/11/2011";"01:31";"Minoria";"Obstrução"
"ac0542391332327f23444b1db9168adf";"8/11/2011";"01:31";"PDT";"Sim"
"ac0542391332327f23444b1db9168adf";"8/11/2011";"01:31";"PrPtdobPrpPhsPtcPsl";"Sim"
"ac0542391332327f23444b1db9168adf";"8/11/2011";"01:31";"PSC";"Sim"
"ac0542391332327f23444b1db9168adf";"8/11/2011";"01:31";"GOV.";"Sim"
"ac0542391332327f23444b1db9168adf";"8/11/2011";"01:31";"PvPps";"Liberado"
"ac0542391332327f23444b1db9168adf";"8/11/2011";"01:31";"PT";"Sim"
"ac0542391332327f23444b1db9168adf";"8/11/2011";"01:31";"PRB";"Sim"
"ac0542391332327f23444b1db9168adf";"8/11/2011";"01:31";"PSD";"Sim"
"ac0542391332327f23444b1db9168adf";"8/11/2011";"01:31";"PSDB";"Obstrução"
"ac0542391332327f23444b1db9168adf";"8/11/2011";"01:31";"PMDB";"Sim"
"ac0542391332327f23444b1db9168adf";"8/11/2011";"01:31";"PsbPtbPcdob";"Sim"
"ac0542391332327f23444b1db9168adf";"8/11/2011";"01:31";"PP";"Sim"
"3174bb07191b0c6f40f24046a1225e92";"8/11/2011";"02:02";"PSOL";"Não"
"3174bb07191b0c6f40f24046a1225e92";"8/11/2011";"02:02";"DEM";"Obstrução"
"3174bb07191b0c6f40f24046a1225e92";"8/11/2011";"02:02";"Minoria";"Não"
"3174bb07191b0c6f40f24046a1225e92";"8/11/2011";"02:02";"PDT";"Sim"
"3174bb07191b0c6f40f24046a1225e92";"8/11/2011";"02:02";"PrPtdobPrpPhsPtcPsl";"Sim"
"3174bb07191b0c6f40f24046a1225e92";"8/11/2011";"02:02";"PSC";"Sim"
"3174bb07191b0c6f40f24046a1225e92";"8/11/2011";"02:02";"GOV.";"Sim"
"3174bb07191b0c6f40f24046a1225e92";"8/11/2011";"02:02";"PvPps";"Liberado"
"3174bb07191b0c6f40f24046a1225e92";"8/11/2011";"02:02";"PT";"Sim"
"3174bb07191b0c6f40f24046a1225e92";"8/11/2011";"02:02";"PRB";"Sim"
"3174bb07191b0c6f40f24046a1225e92";"8/11/2011";"02:02";"PSD";"Sim"
"3174bb07191b0c6f40f24046a1225e92";"8/11/2011";"02:02";"PSDB";"Não"
"3174bb07191b0c6f40f24046a1225e92";"8/11/2011";"02:02";"PMDB";"Sim"
"3174bb07191b0c6f40f24046a1225e92";"8/11/2011";"02:02";"PsbPtbPcdob";"Sim"
"3174bb07191b0c6f40f24046a1225e92";"8/11/2011";"02:02";"PP";"Sim"
"4ed1b25b3c42c45fbb7e4fecf2edbc3d";"8/11/2011";"02:21";"PSOL";"Sim"
"4ed1b25b3c42c45fbb7e4fecf2edbc3d";"8/11/2011";"02:21";"DEM";"Sim"
"4ed1b25b3c42c45fbb7e4fecf2edbc3d";"8/11/2011";"02:21";"Minoria";"Sim"
"4ed1b25b3c42c45fbb7e4fecf2edbc3d";"8/11/2011";"02:21";"PDT";"Não"
"4ed1b25b3c42c45fbb7e4fecf2edbc3d";"8/11/2011";"02:21";"PrPtdobPrpPhsPtcPsl";"Não"
"4ed1b25b3c42c45fbb7e4fecf2edbc3d";"8/11/2011";"02:21";"PSC";"Não"
"4ed1b25b3c42c45fbb7e4fecf2edbc3d";"8/11/2011";"02:21";"GOV.";"Não"
"4ed1b25b3c42c45fbb7e4fecf2edbc3d";"8/11/2011";"02:21";"PvPps";"Liberado"
"4ed1b25b3c42c45fbb7e4fecf2edbc3d";"8/11/2011";"02:21";"PT";"Não"
"4ed1b25b3c42c45fbb7e4fecf2edbc3d";"8/11/2011";"02:21";"PRB";"Não"
"4ed1b25b3c42c45fbb7e4fecf2edbc3d";"8/11/2011";"02:21";"PSD";"Não"
"4ed1b25b3c42c45fbb7e4fecf2edbc3d";"8/11/2011";"02:21";"PSDB";"Sim"
"4ed1b25b3c42c45fbb7e4fecf2edbc3d";"8/11/2011";"02:21";"PMDB";"Não"
"4ed1b25b3c42c45fbb7e4fecf2edbc3d";"8/11/2011";"02:21";"PsbPtbPcdob";"Não"
"4ed1b25b3c42c45fbb7e4fecf2edbc3d";"8/11/2011";"02:21";"PP";"Não"
"516a9051a5731a0313682bbfa56ada71";"9/11/2011";"15:40";"PSOL";"Sim"
"516a9051a5731a0313682bbfa56ada71";"9/11/2011";"15:40";"DEM";"Obstrução"
"516a9051a5731a0313682bbfa56ada71";"9/11/2011";"15:40";"Minoria";"Obstrução"
"516a9051a5731a0313682bbfa56ada71";"9/11/2011";"15:40";"PDT";"Não"
"516a9051a5731a0313682bbfa56ada71";"9/11/2011";"15:40";"PrPtdobPrpPhsPtcPsl";"Não"
"516a9051a5731a0313682bbfa56ada71";"9/11/2011";"15:40";"PSC";"Não"
"516a9051a5731a0313682bbfa56ada71";"9/11/2011";"15:40";"GOV.";"Não"
"516a9051a5731a0313682bbfa56ada71";"9/11/2011";"15:40";"PvPps";"Liberado"
"516a9051a5731a0313682bbfa56ada71";"9/11/2011";"15:40";"PT";"Não"
"516a9051a5731a0313682bbfa56ada71";"9/11/2011";"15:40";"PRB";"Não"
"516a9051a5731a0313682bbfa56ada71";"9/11/2011";"15:40";"PSD";"Não"
"516a9051a5731a0313682bbfa56ada71";"9/11/2011";"15:40";"PSDB";"Obstrução"
"516a9051a5731a0313682bbfa56ada71";"9/11/2011";"15:40";"PMDB";"Não"
"516a9051a5731a0313682bbfa56ada71";"9/11/2011";"15:40";"PsbPtbPcdob";"Não"
"516a9051a5731a0313682bbfa56ada71";"9/11/2011";"15:40";"PP";"Não"
"5841eb3567d3e4f8319339d34fb3a4fd";"9/11/2011";"16:39";"PSOL";"Sim"
"5841eb3567d3e4f8319339d34fb3a4fd";"9/11/2011";"16:39";"DEM";"Obstrução"
"5841eb3567d3e4f8319339d34fb3a4fd";"9/11/2011";"16:39";"Minoria";"Sim"
"5841eb3567d3e4f8319339d34fb3a4fd";"9/11/2011";"16:39";"PDT";"Não"
"5841eb3567d3e4f8319339d34fb3a4fd";"9/11/2011";"16:39";"PrPtdobPrpPhsPtcPsl";"Não"
"5841eb3567d3e4f8319339d34fb3a4fd";"9/11/2011";"16:39";"PSC";"Não"
"5841eb3567d3e4f8319339d34fb3a4fd";"9/11/2011";"16:39";"GOV.";"Não"
"5841eb3567d3e4f8319339d34fb3a4fd";"9/11/2011";"16:39";"PvPps";"Liberado"
"5841eb3567d3e4f8319339d34fb3a4fd";"9/11/2011";"16:39";"PT";"Não"
"5841eb3567d3e4f8319339d34fb3a4fd";"9/11/2011";"16:39";"PRB";"Não"
"5841eb3567d3e4f8319339d34fb3a4fd";"9/11/2011";"16:39";"PSD";"Não"
"5841eb3567d3e4f8319339d34fb3a4fd";"9/11/2011";"16:39";"PSDB";"Sim"
"5841eb3567d3e4f8319339d34fb3a4fd";"9/11/2011";"16:39";"PMDB";"Não"
"5841eb3567d3e4f8319339d34fb3a4fd";"9/11/2011";"16:39";"PsbPtbPcdob";"Não"
"5841eb3567d3e4f8319339d34fb3a4fd";"9/11/2011";"16:39";"PP";"Não"
"4a161d872dec6377b0195a92f536760e";"9/11/2011";"17:27";"PSOL";"Não"
"4a161d872dec6377b0195a92f536760e";"9/11/2011";"17:27";"DEM";"Não"
"4a161d872dec6377b0195a92f536760e";"9/11/2011";"17:27";"Minoria";"Não"
"4a161d872dec6377b0195a92f536760e";"9/11/2011";"17:27";"PDT";"Liberado"
"4a161d872dec6377b0195a92f536760e";"9/11/2011";"17:27";"PrPtdobPrpPhsPtcPsl";"Sim"
"4a161d872dec6377b0195a92f536760e";"9/11/2011";"17:27";"PSC";"Sim"
"4a161d872dec6377b0195a92f536760e";"9/11/2011";"17:27";"GOV.";"Sim"
"4a161d872dec6377b0195a92f536760e";"9/11/2011";"17:27";"PvPps";"Liberado"
"4a161d872dec6377b0195a92f536760e";"9/11/2011";"17:27";"PT";"Sim"
"4a161d872dec6377b0195a92f536760e";"9/11/2011";"17:27";"PRB";"Sim"
"4a161d872dec6377b0195a92f536760e";"9/11/2011";"17:27";"Repr.PRTB";"Sim"
"4a161d872dec6377b0195a92f536760e";"9/11/2011";"17:27";"PSD";"Sim"
"4a161d872dec6377b0195a92f536760e";"9/11/2011";"17:27";"PSDB";"Obstrução"
"4a161d872dec6377b0195a92f536760e";"9/11/2011";"17:27";"PMDB";"Sim"
"4a161d872dec6377b0195a92f536760e";"9/11/2011";"17:27";"PsbPtbPcdob";"Sim"
"4a161d872dec6377b0195a92f536760e";"9/11/2011";"17:27";"PP";"Sim"
"4e16a54bc6f09b341cc42f735fe5876e";"9/11/2011";"18:30";"PSOL";"Não"
"4e16a54bc6f09b341cc42f735fe5876e";"9/11/2011";"18:30";"DEM";"Obstrução"
"4e16a54bc6f09b341cc42f735fe5876e";"9/11/2011";"18:30";"Minoria";"Não"
"4e16a54bc6f09b341cc42f735fe5876e";"9/11/2011";"18:30";"PDT";"Sim"
"4e16a54bc6f09b341cc42f735fe5876e";"9/11/2011";"18:30";"PrPtdobPrpPhsPtcPsl";"Sim"
"4e16a54bc6f09b341cc42f735fe5876e";"9/11/2011";"18:30";"PSC";"Sim"
"4e16a54bc6f09b341cc42f735fe5876e";"9/11/2011";"18:30";"GOV.";"Sim"
"4e16a54bc6f09b341cc42f735fe5876e";"9/11/2011";"18:30";"PvPps";"Liberado"
"4e16a54bc6f09b341cc42f735fe5876e";"9/11/2011";"18:30";"PT";"Sim"
"4e16a54bc6f09b341cc42f735fe5876e";"9/11/2011";"18:30";"PRB";"Sim"
"4e16a54bc6f09b341cc42f735fe5876e";"9/11/2011";"18:30";"Repr.PRTB";"Sim"
"4e16a54bc6f09b341cc42f735fe5876e";"9/11/2011";"18:30";"PSD";"Sim"
"4e16a54bc6f09b341cc42f735fe5876e";"9/11/2011";"18:30";"PSDB";"Não"
"4e16a54bc6f09b341cc42f735fe5876e";"9/11/2011";"18:30";"PMDB";"Sim"
"4e16a54bc6f09b341cc42f735fe5876e";"9/11/2011";"18:30";"PsbPtbPcdob";"Sim"
"4e16a54bc6f09b341cc42f735fe5876e";"9/11/2011";"18:30";"PP";"Sim"
"d7700ce29682fbd36720923d62c9816d";"9/11/2011";"20:13";"PSOL";"Sim"
"d7700ce29682fbd36720923d62c9816d";"9/11/2011";"20:13";"DEM";"Obstrução"
"d7700ce29682fbd36720923d62c9816d";"9/11/2011";"20:13";"Repr.PMN";"Não"
"d7700ce29682fbd36720923d62c9816d";"9/11/2011";"20:13";"Minoria";"Obstrução"
"d7700ce29682fbd36720923d62c9816d";"9/11/2011";"20:13";"PDT";"Não"
"d7700ce29682fbd36720923d62c9816d";"9/11/2011";"20:13";"PrPtdobPrpPhsPtcPsl";"Não"
"d7700ce29682fbd36720923d62c9816d";"9/11/2011";"20:13";"PSC";"Não"
"d7700ce29682fbd36720923d62c9816d";"9/11/2011";"20:13";"GOV.";"Não"
"d7700ce29682fbd36720923d62c9816d";"9/11/2011";"20:13";"PvPps";"Liberado"
"d7700ce29682fbd36720923d62c9816d";"9/11/2011";"20:13";"PT";"Não"
"d7700ce29682fbd36720923d62c9816d";"9/11/2011";"20:13";"PRB";"Não"
"d7700ce29682fbd36720923d62c9816d";"9/11/2011";"20:13";"Repr.PRTB";"Não"
"d7700ce29682fbd36720923d62c9816d";"9/11/2011";"20:13";"PSD";"Não"
"d7700ce29682fbd36720923d62c9816d";"9/11/2011";"20:13";"PSDB";"Obstrução"
"d7700ce29682fbd36720923d62c9816d";"9/11/2011";"20:13";"PMDB";"Não"
"d7700ce29682fbd36720923d62c9816d";"9/11/2011";"20:13";"PsbPtbPcdob";"Não"
"d7700ce29682fbd36720923d62c9816d";"9/11/2011";"20:13";"PP";"Não"
"d96b199cf88a6bd6e6d661f92959796f";"9/11/2011";"20:44";"PSOL";"Sim"
"d96b199cf88a6bd6e6d661f92959796f";"9/11/2011";"20:44";"DEM";"Sim"
"d96b199cf88a6bd6e6d661f92959796f";"9/11/2011";"20:44";"Repr.PMN";"Não"
"d96b199cf88a6bd6e6d661f92959796f";"9/11/2011";"20:44";"Minoria";"Sim"
"d96b199cf88a6bd6e6d661f92959796f";"9/11/2011";"20:44";"PDT";"Não"
"d96b199cf88a6bd6e6d661f92959796f";"9/11/2011";"20:44";"PrPtdobPrpPhsPtcPsl";"Não"
"d96b199cf88a6bd6e6d661f92959796f";"9/11/2011";"20:44";"PSC";"Não"
"d96b199cf88a6bd6e6d661f92959796f";"9/11/2011";"20:44";"GOV.";"Não"
"d96b199cf88a6bd6e6d661f92959796f";"9/11/2011";"20:44";"PvPps";"Sim"
"d96b199cf88a6bd6e6d661f92959796f";"9/11/2011";"20:44";"PT";"Não"
"d96b199cf88a6bd6e6d661f92959796f";"9/11/2011";"20:44";"PRB";"Não"
"d96b199cf88a6bd6e6d661f92959796f";"9/11/2011";"20:44";"Repr.PRTB";"Não"
"d96b199cf88a6bd6e6d661f92959796f";"9/11/2011";"20:44";"PSD";"Não"
"d96b199cf88a6bd6e6d661f92959796f";"9/11/2011";"20:44";"PSDB";"Sim"
"d96b199cf88a6bd6e6d661f92959796f";"9/11/2011";"20:44";"PMDB";"Não"
"d96b199cf88a6bd6e6d661f92959796f";"9/11/2011";"20:44";"PsbPtbPcdob";"Não"
"d96b199cf88a6bd6e6d661f92959796f";"9/11/2011";"20:44";"PP";"Não"
"12b97dea094f3befcead9d81d622e015";"22/11/2011";"15:59";"PSOL";"Sim"
"12b97dea094f3befcead9d81d622e015";"22/11/2011";"15:59";"DEM";"Obstrução"
"12b97dea094f3befcead9d81d622e015";"22/11/2011";"15:59";"Minoria";"Sim"
"12b97dea094f3befcead9d81d622e015";"22/11/2011";"15:59";"PDT";"Não"
"12b97dea094f3befcead9d81d622e015";"22/11/2011";"15:59";"PrPtdobPrpPhsPtcPsl";"Não"
"12b97dea094f3befcead9d81d622e015";"22/11/2011";"15:59";"PSC";"Não"
"12b97dea094f3befcead9d81d622e015";"22/11/2011";"15:59";"GOV.";"Não"
"12b97dea094f3befcead9d81d622e015";"22/11/2011";"15:59";"PvPps";"Liberado"
"12b97dea094f3befcead9d81d622e015";"22/11/2011";"15:59";"PT";"Não"
"12b97dea094f3befcead9d81d622e015";"22/11/2011";"15:59";"PRB";"Não"
"12b97dea094f3befcead9d81d622e015";"22/11/2011";"15:59";"PSD";"Não"
"12b97dea094f3befcead9d81d622e015";"22/11/2011";"15:59";"PSDB";"Obstrução"
"12b97dea094f3befcead9d81d622e015";"22/11/2011";"15:59";"PMDB";"Não"
"12b97dea094f3befcead9d81d622e015";"22/11/2011";"15:59";"PsbPtbPcdob";"Não"
"12b97dea094f3befcead9d81d622e015";"22/11/2011";"15:59";"PP";"Não"
"d7c66e0f19a21277bd8f6ee58ff63267";"22/11/2011";"17:49";"PSOL";"Sim"
"d7c66e0f19a21277bd8f6ee58ff63267";"22/11/2011";"17:49";"DEM";"Obstrução"
"d7c66e0f19a21277bd8f6ee58ff63267";"22/11/2011";"17:49";"Repr.PMN";"Não"
"d7c66e0f19a21277bd8f6ee58ff63267";"22/11/2011";"17:49";"Minoria";"Obstrução"
"d7c66e0f19a21277bd8f6ee58ff63267";"22/11/2011";"17:49";"PDT";"Não"
"d7c66e0f19a21277bd8f6ee58ff63267";"22/11/2011";"17:49";"PrPtdobPrpPhsPtcPsl";"Não"
"d7c66e0f19a21277bd8f6ee58ff63267";"22/11/2011";"17:49";"PSC";"Não"
"d7c66e0f19a21277bd8f6ee58ff63267";"22/11/2011";"17:49";"GOV.";"Não"
"d7c66e0f19a21277bd8f6ee58ff63267";"22/11/2011";"17:49";"PvPps";"Liberado"
"d7c66e0f19a21277bd8f6ee58ff63267";"22/11/2011";"17:49";"PT";"Não"
"d7c66e0f19a21277bd8f6ee58ff63267";"22/11/2011";"17:49";"PRB";"Não"
"d7c66e0f19a21277bd8f6ee58ff63267";"22/11/2011";"17:49";"PSD";"Não"
"d7c66e0f19a21277bd8f6ee58ff63267";"22/11/2011";"17:49";"PSDB";"Obstrução"
"d7c66e0f19a21277bd8f6ee58ff63267";"22/11/2011";"17:49";"PMDB";"Não"
"d7c66e0f19a21277bd8f6ee58ff63267";"22/11/2011";"17:49";"PsbPtbPcdob";"Não"
"d7c66e0f19a21277bd8f6ee58ff63267";"22/11/2011";"17:49";"PP";"Não"
"99de7b0504d83a479a8dc24831d82c7c";"22/11/2011";"18:32";"PSOL";"Não"
"99de7b0504d83a479a8dc24831d82c7c";"22/11/2011";"18:32";"DEM";"Não"
"99de7b0504d83a479a8dc24831d82c7c";"22/11/2011";"18:32";"Repr.PMN";"Sim"
"99de7b0504d83a479a8dc24831d82c7c";"22/11/2011";"18:32";"Minoria";"Não"
"99de7b0504d83a479a8dc24831d82c7c";"22/11/2011";"18:32";"PDT";"Sim"
"99de7b0504d83a479a8dc24831d82c7c";"22/11/2011";"18:32";"PrPtdobPrpPhsPtcPsl";"Sim"
"99de7b0504d83a479a8dc24831d82c7c";"22/11/2011";"18:32";"PSC";"Sim"
"99de7b0504d83a479a8dc24831d82c7c";"22/11/2011";"18:32";"GOV.";"Sim"
"99de7b0504d83a479a8dc24831d82c7c";"22/11/2011";"18:32";"PvPps";"Liberado"
"99de7b0504d83a479a8dc24831d82c7c";"22/11/2011";"18:32";"PT";"Sim"
"99de7b0504d83a479a8dc24831d82c7c";"22/11/2011";"18:32";"PRB";"Sim"
"99de7b0504d83a479a8dc24831d82c7c";"22/11/2011";"18:32";"PSD";"Sim"
"99de7b0504d83a479a8dc24831d82c7c";"22/11/2011";"18:32";"PSDB";"Não"
"99de7b0504d83a479a8dc24831d82c7c";"22/11/2011";"18:32";"PMDB";"Sim"
"99de7b0504d83a479a8dc24831d82c7c";"22/11/2011";"18:32";"PsbPtbPcdob";"Sim"
"99de7b0504d83a479a8dc24831d82c7c";"22/11/2011";"18:32";"PP";"Sim"
"9fb5f6b9ef9652be0c8b274ec5d69e68";"22/11/2011";"20:12";"PSOL";"Não"
"9fb5f6b9ef9652be0c8b274ec5d69e68";"22/11/2011";"20:12";"DEM";"Obstrução"
"9fb5f6b9ef9652be0c8b274ec5d69e68";"22/11/2011";"20:12";"Repr.PMN";"Sim"
"9fb5f6b9ef9652be0c8b274ec5d69e68";"22/11/2011";"20:12";"Minoria";"Não"
"9fb5f6b9ef9652be0c8b274ec5d69e68";"22/11/2011";"20:12";"PDT";"Sim"
"9fb5f6b9ef9652be0c8b274ec5d69e68";"22/11/2011";"20:12";"PrPtdobPrpPhsPtcPsl";"Sim"
"9fb5f6b9ef9652be0c8b274ec5d69e68";"22/11/2011";"20:12";"PSC";"Sim"
"9fb5f6b9ef9652be0c8b274ec5d69e68";"22/11/2011";"20:12";"GOV.";"Sim"
"9fb5f6b9ef9652be0c8b274ec5d69e68";"22/11/2011";"20:12";"PvPps";"Liberado"
"9fb5f6b9ef9652be0c8b274ec5d69e68";"22/11/2011";"20:12";"PT";"Sim"
"9fb5f6b9ef9652be0c8b274ec5d69e68";"22/11/2011";"20:12";"PRB";"Sim"
"9fb5f6b9ef9652be0c8b274ec5d69e68";"22/11/2011";"20:12";"Repr.PRTB";"Sim"
"9fb5f6b9ef9652be0c8b274ec5d69e68";"22/11/2011";"20:12";"PSD";"Sim"
"9fb5f6b9ef9652be0c8b274ec5d69e68";"22/11/2011";"20:12";"PSDB";"Não"
"9fb5f6b9ef9652be0c8b274ec5d69e68";"22/11/2011";"20:12";"PMDB";"Sim"
"9fb5f6b9ef9652be0c8b274ec5d69e68";"22/11/2011";"20:12";"PsbPtbPcdob";"Sim"
"9fb5f6b9ef9652be0c8b274ec5d69e68";"22/11/2011";"20:12";"PP";"Sim"
"3b9e3f7435a6f8c349c2801cf2ad9610";"22/11/2011";"20:55";"PSOL";"Não"
"3b9e3f7435a6f8c349c2801cf2ad9610";"22/11/2011";"20:55";"DEM";"Obstrução"
"3b9e3f7435a6f8c349c2801cf2ad9610";"22/11/2011";"20:55";"Repr.PMN";"Sim"
"3b9e3f7435a6f8c349c2801cf2ad9610";"22/11/2011";"20:55";"Minoria";"Não"
"3b9e3f7435a6f8c349c2801cf2ad9610";"22/11/2011";"20:55";"PDT";"Sim"
"3b9e3f7435a6f8c349c2801cf2ad9610";"22/11/2011";"20:55";"PrPtdobPrpPhsPtcPsl";"Sim"
"3b9e3f7435a6f8c349c2801cf2ad9610";"22/11/2011";"20:55";"PSC";"Sim"
"3b9e3f7435a6f8c349c2801cf2ad9610";"22/11/2011";"20:55";"GOV.";"Sim"
"3b9e3f7435a6f8c349c2801cf2ad9610";"22/11/2011";"20:55";"PvPps";"Liberado"
"3b9e3f7435a6f8c349c2801cf2ad9610";"22/11/2011";"20:55";"PT";"Sim"
"3b9e3f7435a6f8c349c2801cf2ad9610";"22/11/2011";"20:55";"PRB";"Sim"
"3b9e3f7435a6f8c349c2801cf2ad9610";"22/11/2011";"20:55";"Repr.PRTB";"Sim"
"3b9e3f7435a6f8c349c2801cf2ad9610";"22/11/2011";"20:55";"PSD";"Sim"
"3b9e3f7435a6f8c349c2801cf2ad9610";"22/11/2011";"20:55";"PSDB";"Não"
"3b9e3f7435a6f8c349c2801cf2ad9610";"22/11/2011";"20:55";"PMDB";"Sim"
"3b9e3f7435a6f8c349c2801cf2ad9610";"22/11/2011";"20:55";"PsbPtbPcdob";"Sim"
"3b9e3f7435a6f8c349c2801cf2ad9610";"22/11/2011";"20:55";"PP";"Sim"
"819e76161ee5a952bb208e6207fcc0e3";"22/11/2011";"21:18";"PSOL";"Não"
"819e76161ee5a952bb208e6207fcc0e3";"22/11/2011";"21:18";"DEM";"Obstrução"
"819e76161ee5a952bb208e6207fcc0e3";"22/11/2011";"21:18";"Repr.PMN";"Sim"
"819e76161ee5a952bb208e6207fcc0e3";"22/11/2011";"21:18";"Minoria";"Não"
"819e76161ee5a952bb208e6207fcc0e3";"22/11/2011";"21:18";"PDT";"Sim"
"819e76161ee5a952bb208e6207fcc0e3";"22/11/2011";"21:18";"PrPtdobPrpPhsPtcPsl";"Sim"
"819e76161ee5a952bb208e6207fcc0e3";"22/11/2011";"21:18";"PSC";"Sim"
"819e76161ee5a952bb208e6207fcc0e3";"22/11/2011";"21:18";"GOV.";"Sim"
"819e76161ee5a952bb208e6207fcc0e3";"22/11/2011";"21:18";"PvPps";"Liberado"
"819e76161ee5a952bb208e6207fcc0e3";"22/11/2011";"21:18";"PT";"Sim"
"819e76161ee5a952bb208e6207fcc0e3";"22/11/2011";"21:18";"PRB";"Sim"
"819e76161ee5a952bb208e6207fcc0e3";"22/11/2011";"21:18";"Repr.PRTB";"Sim"
"819e76161ee5a952bb208e6207fcc0e3";"22/11/2011";"21:18";"PSD";"Sim"
"819e76161ee5a952bb208e6207fcc0e3";"22/11/2011";"21:18";"PSDB";"Não"
"819e76161ee5a952bb208e6207fcc0e3";"22/11/2011";"21:18";"PMDB";"Sim"
"819e76161ee5a952bb208e6207fcc0e3";"22/11/2011";"21:18";"PsbPtbPcdob";"Sim"
"819e76161ee5a952bb208e6207fcc0e3";"22/11/2011";"21:18";"PP";"Sim"
"89900fa83134cd4fa18ca31dd6563158";"22/11/2011";"21:30";"PSOL";"Não"
"89900fa83134cd4fa18ca31dd6563158";"22/11/2011";"21:30";"DEM";"Obstrução"
"89900fa83134cd4fa18ca31dd6563158";"22/11/2011";"21:30";"Repr.PMN";"Sim"
"89900fa83134cd4fa18ca31dd6563158";"22/11/2011";"21:30";"Minoria";"Não"
"89900fa83134cd4fa18ca31dd6563158";"22/11/2011";"21:30";"PDT";"Sim"
"89900fa83134cd4fa18ca31dd6563158";"22/11/2011";"21:30";"PrPtdobPrpPhsPtcPsl";"Sim"
"89900fa83134cd4fa18ca31dd6563158";"22/11/2011";"21:30";"PSC";"Sim"
"89900fa83134cd4fa18ca31dd6563158";"22/11/2011";"21:30";"GOV.";"Sim"
"89900fa83134cd4fa18ca31dd6563158";"22/11/2011";"21:30";"PvPps";"Liberado"
"89900fa83134cd4fa18ca31dd6563158";"22/11/2011";"21:30";"PT";"Sim"
"89900fa83134cd4fa18ca31dd6563158";"22/11/2011";"21:30";"PRB";"Sim"
"89900fa83134cd4fa18ca31dd6563158";"22/11/2011";"21:30";"Repr.PRTB";"Sim"
"89900fa83134cd4fa18ca31dd6563158";"22/11/2011";"21:30";"PSD";"Sim"
"89900fa83134cd4fa18ca31dd6563158";"22/11/2011";"21:30";"PSDB";"Não"
"89900fa83134cd4fa18ca31dd6563158";"22/11/2011";"21:30";"PMDB";"Sim"
"89900fa83134cd4fa18ca31dd6563158";"22/11/2011";"21:30";"PsbPtbPcdob";"Sim"
"89900fa83134cd4fa18ca31dd6563158";"22/11/2011";"21:30";"PP";"Sim"
"71b1c67ff7d34fc4cc799cbbc97d4229";"22/11/2011";"21:40";"PSOL";"Não"
"71b1c67ff7d34fc4cc799cbbc97d4229";"22/11/2011";"21:40";"DEM";"Obstrução"
"71b1c67ff7d34fc4cc799cbbc97d4229";"22/11/2011";"21:40";"Repr.PMN";"Sim"
"71b1c67ff7d34fc4cc799cbbc97d4229";"22/11/2011";"21:40";"Minoria";"Não"
"71b1c67ff7d34fc4cc799cbbc97d4229";"22/11/2011";"21:40";"PDT";"Sim"
"71b1c67ff7d34fc4cc799cbbc97d4229";"22/11/2011";"21:40";"PrPtdobPrpPhsPtcPsl";"Sim"
"71b1c67ff7d34fc4cc799cbbc97d4229";"22/11/2011";"21:40";"PSC";"Sim"
"71b1c67ff7d34fc4cc799cbbc97d4229";"22/11/2011";"21:40";"GOV.";"Sim"
"71b1c67ff7d34fc4cc799cbbc97d4229";"22/11/2011";"21:40";"PvPps";"Liberado"
"71b1c67ff7d34fc4cc799cbbc97d4229";"22/11/2011";"21:40";"PT";"Sim"
"71b1c67ff7d34fc4cc799cbbc97d4229";"22/11/2011";"21:40";"PRB";"Sim"
"71b1c67ff7d34fc4cc799cbbc97d4229";"22/11/2011";"21:40";"Repr.PRTB";"Sim"
"71b1c67ff7d34fc4cc799cbbc97d4229";"22/11/2011";"21:40";"PSD";"Sim"
"71b1c67ff7d34fc4cc799cbbc97d4229";"22/11/2011";"21:40";"PSDB";"Não"
"71b1c67ff7d34fc4cc799cbbc97d4229";"22/11/2011";"21:40";"PMDB";"Sim"
"71b1c67ff7d34fc4cc799cbbc97d4229";"22/11/2011";"21:40";"PsbPtbPcdob";"Sim"
"71b1c67ff7d34fc4cc799cbbc97d4229";"22/11/2011";"21:40";"PP";"Sim"
"b5f74e28f6aa3ea2595323b1e50babf9";"26/10/2011";"21:16";"PSOL";"Não"
"b5f74e28f6aa3ea2595323b1e50babf9";"26/10/2011";"21:16";"DEM";"Sim"
"b5f74e28f6aa3ea2595323b1e50babf9";"26/10/2011";"21:16";"Minoria";"Liberado"
"b5f74e28f6aa3ea2595323b1e50babf9";"26/10/2011";"21:16";"PDT";"Obstrução"
"b5f74e28f6aa3ea2595323b1e50babf9";"26/10/2011";"21:16";"PrPtdobPrpPhsPtcPsl";"Não"
"b5f74e28f6aa3ea2595323b1e50babf9";"26/10/2011";"21:16";"PSC";"Não"
"b5f74e28f6aa3ea2595323b1e50babf9";"26/10/2011";"21:16";"GOV.";"Sim"
"b5f74e28f6aa3ea2595323b1e50babf9";"26/10/2011";"21:16";"PvPps";"Não"
"b5f74e28f6aa3ea2595323b1e50babf9";"26/10/2011";"21:16";"PT";"Sim"
"b5f74e28f6aa3ea2595323b1e50babf9";"26/10/2011";"21:16";"PRB";"Não"
"b5f74e28f6aa3ea2595323b1e50babf9";"26/10/2011";"21:16";"PSD";"Sim"
"b5f74e28f6aa3ea2595323b1e50babf9";"26/10/2011";"21:16";"PSDB";"Não"
"b5f74e28f6aa3ea2595323b1e50babf9";"26/10/2011";"21:16";"PMDB";"Sim"
"b5f74e28f6aa3ea2595323b1e50babf9";"26/10/2011";"21:16";"PsbPtbPcdob";"Sim"
"b5f74e28f6aa3ea2595323b1e50babf9";"26/10/2011";"21:16";"PP";"Sim"
"63676105a550736c3185e67bc6f4db10";"19/10/2011";"18:39";"PSOL";"Não"
"63676105a550736c3185e67bc6f4db10";"19/10/2011";"18:39";"DEM";"Não"
"63676105a550736c3185e67bc6f4db10";"19/10/2011";"18:39";"Minoria";"Não"
"63676105a550736c3185e67bc6f4db10";"19/10/2011";"18:39";"PDT";"Liberado"
"63676105a550736c3185e67bc6f4db10";"19/10/2011";"18:39";"PrPtdobPrpPhsPtcPsl";"Sim"
"63676105a550736c3185e67bc6f4db10";"19/10/2011";"18:39";"PSC";"Sim"
"63676105a550736c3185e67bc6f4db10";"19/10/2011";"18:39";"GOV.";"Sim"
"63676105a550736c3185e67bc6f4db10";"19/10/2011";"18:39";"PvPps";"Não"
"63676105a550736c3185e67bc6f4db10";"19/10/2011";"18:39";"PT";"Sim"
"63676105a550736c3185e67bc6f4db10";"19/10/2011";"18:39";"PRB";"Sim"
"63676105a550736c3185e67bc6f4db10";"19/10/2011";"18:39";"PSDB";"Não"
"63676105a550736c3185e67bc6f4db10";"19/10/2011";"18:39";"PMDB";"Sim"
"63676105a550736c3185e67bc6f4db10";"19/10/2011";"18:39";"PsbPtbPcdob";"Sim"
"63676105a550736c3185e67bc6f4db10";"19/10/2011";"18:39";"PP";"Sim"
"4c8fc9760c70079f41bf0c1d776d6206";"23/8/2011";"20:43";"PSOL";"Sim"
"4c8fc9760c70079f41bf0c1d776d6206";"23/8/2011";"20:43";"DEM";"Sim"
"4c8fc9760c70079f41bf0c1d776d6206";"23/8/2011";"20:43";"PrPtdobPrtbPrpPhsPtcPsl";"Liberado"
"4c8fc9760c70079f41bf0c1d776d6206";"23/8/2011";"20:43";"Minoria";"Sim"
"4c8fc9760c70079f41bf0c1d776d6206";"23/8/2011";"20:43";"PDT";"Não"
"4c8fc9760c70079f41bf0c1d776d6206";"23/8/2011";"20:43";"PSC";"Não"
"4c8fc9760c70079f41bf0c1d776d6206";"23/8/2011";"20:43";"GOV.";"Não"
"4c8fc9760c70079f41bf0c1d776d6206";"23/8/2011";"20:43";"PvPps";"Sim"
"4c8fc9760c70079f41bf0c1d776d6206";"23/8/2011";"20:43";"PT";"Não"
"4c8fc9760c70079f41bf0c1d776d6206";"23/8/2011";"20:43";"PRB";"Não"
"4c8fc9760c70079f41bf0c1d776d6206";"23/8/2011";"20:43";"PSDB";"Sim"
"4c8fc9760c70079f41bf0c1d776d6206";"23/8/2011";"20:43";"PMDB";"Não"
"4c8fc9760c70079f41bf0c1d776d6206";"23/8/2011";"20:43";"PsbPtbPcdob";"Não"
"4c8fc9760c70079f41bf0c1d776d6206";"23/8/2011";"20:43";"Repr.PMN";"Não"
"4c8fc9760c70079f41bf0c1d776d6206";"23/8/2011";"20:43";"PP";"Não"
"d429589549a6c1be02f854a1447a5560";"31/8/2011";"19:50";"PSOL";"Sim"
"d429589549a6c1be02f854a1447a5560";"31/8/2011";"19:50";"DEM";"Sim"
"d429589549a6c1be02f854a1447a5560";"31/8/2011";"19:50";"PrPtdobPrtbPrpPhsPtcPsl";"Sim"
"d429589549a6c1be02f854a1447a5560";"31/8/2011";"19:50";"Minoria";"Sim"
"d429589549a6c1be02f854a1447a5560";"31/8/2011";"19:50";"PDT";"Sim"
"d429589549a6c1be02f854a1447a5560";"31/8/2011";"19:50";"PSC";"Sim"
"d429589549a6c1be02f854a1447a5560";"31/8/2011";"19:50";"GOV.";"Sim"
"d429589549a6c1be02f854a1447a5560";"31/8/2011";"19:50";"PvPps";"Sim"
"d429589549a6c1be02f854a1447a5560";"31/8/2011";"19:50";"PT";"Sim"
"d429589549a6c1be02f854a1447a5560";"31/8/2011";"19:50";"PRB";"Sim"
"d429589549a6c1be02f854a1447a5560";"31/8/2011";"19:50";"PSDB";"Sim"
"d429589549a6c1be02f854a1447a5560";"31/8/2011";"19:50";"PMDB";"Sim"
"d429589549a6c1be02f854a1447a5560";"31/8/2011";"19:50";"PsbPtbPcdob";"Sim"
"d429589549a6c1be02f854a1447a5560";"31/8/2011";"19:50";"PMN";"Sim"
"d429589549a6c1be02f854a1447a5560";"31/8/2011";"19:50";"PP";"Sim"
"a1de8d1e9566260f8b050b75badf044f";"23/11/2011";"18:36";"PSOL";"Sim"
"a1de8d1e9566260f8b050b75badf044f";"23/11/2011";"18:36";"DEM";"Obstrução"
"a1de8d1e9566260f8b050b75badf044f";"23/11/2011";"18:36";"Repr.PMN";"Não"
"a1de8d1e9566260f8b050b75badf044f";"23/11/2011";"18:36";"Minoria";"Não"
"a1de8d1e9566260f8b050b75badf044f";"23/11/2011";"18:36";"PDT";"Obstrução"
"a1de8d1e9566260f8b050b75badf044f";"23/11/2011";"18:36";"PrPtdobPrpPhsPtcPsl";"Sim"
"a1de8d1e9566260f8b050b75badf044f";"23/11/2011";"18:36";"PSC";"Não"
"a1de8d1e9566260f8b050b75badf044f";"23/11/2011";"18:36";"GOV.";"Não"
"a1de8d1e9566260f8b050b75badf044f";"23/11/2011";"18:36";"PvPps";"Sim"
"a1de8d1e9566260f8b050b75badf044f";"23/11/2011";"18:36";"PT";"Não"
"a1de8d1e9566260f8b050b75badf044f";"23/11/2011";"18:36";"PRB";"Não"
"a1de8d1e9566260f8b050b75badf044f";"23/11/2011";"18:36";"PSD";"Não"
"a1de8d1e9566260f8b050b75badf044f";"23/11/2011";"18:36";"PSDB";"Não"
"a1de8d1e9566260f8b050b75badf044f";"23/11/2011";"18:36";"PMDB";"Não"
"a1de8d1e9566260f8b050b75badf044f";"23/11/2011";"18:36";"PsbPtbPcdob";"Obstrução"
"a1de8d1e9566260f8b050b75badf044f";"23/11/2011";"18:36";"PP";"Obstrução"
