"ID_VOTACAO";"DATA";"HORA";"ORIENTACAO_GOVERNO";"TIPO";"NUMERO";"ANO";"EMENTA";"O_QUE_FOI_VOTADO";"LINGUAGEM_COMUM";;;;;;;;;;
"S11001";110208;"01:00:00";"Sim";"PLV";15;2010;"Dispõe sobre a prestação de auxílio financeiro pela União aos Estados, ao Distrito Federal e aos Municípios, no exercício de 2010, com o objetivo de fomentar as exportações do País; altera as Leis nºs 12.087, de 11 de novembro de 2009, 10.260, de 12 de julho de 2001, 10.406, de 10 de janeiro de 2002 - Código Civil Brasileiro, 8.685, de 20 de julho de 1993, 11.941, de 27 de maio de 2009...";"Votação do art. 10 do PLV nº 15";" de 2010(MP 501/2010).";"Auxílio a Estados e municípios para fomentar exportações";;;;;;;;;
"S11002";110223;"02:00:00";"Não";"PLC";1;2011;"Dispõe sobre o valor do salário mínimo em 2011 e a sua política de valorização de longo prazo; disciplina a representação fiscal para fins penais nos casos em que houve parcelamento do crédito tributário; altera a Lei nº 9.430, de 27 de dezembro de 1996; e revoga a Lei nº 12.255, de 15 de junho de 2010.";"Votação da Emenda nº 1";" ao Projeto de Lei da Câmara nº 1";" de 2011.";"Valor do salário mínimo em 2011";;;;;;;;
"S11003";110223;"03:00:00";"Não";"PLC";1;2011;"Dispõe sobre o valor do salário mínimo em 2011 e a sua política de valorização de longo prazo; disciplina a representação fiscal para fins penais nos casos em que houve parcelamento do crédito tributário; altera a Lei nº 9.430, de 27 de dezembro de 1996; e revoga a Lei nº 12.255, de 15 de junho de 2010.";"Votação da Emenda nº 3";" ao Projeto de Lei da Câmara nº 1";" de 2011.";"Valor do salário mínimo em 2011";;;;;;;;
"S11004";110223;"04:00:00";"Não";"PLC";1;2011;"Dispõe sobre o valor do salário mínimo em 2011 e a sua política de valorização de longo prazo; disciplina a representação fiscal para fins penais nos casos em que houve parcelamento do crédito tributário; altera a Lei nº 9.430, de 27 de dezembro de 1996; e revoga a Lei nº 12.255, de 15 de junho de 2010.";"Votação da Emenda nº 5";" ao Projeto de Lei da Câmara nº 1";" de 2011.";"Valor do salário mínimo em 2011";;;;;;;;
"S11005";110301;"05:00:00";"Sim";"PLV";2;2011;"Ratifica o Protocolo de Intenções firmado entre a União";" o Estado do Rio de Janeiro e o Município do Rio de Janeiro";" com a finalidade de constituir consórcio público";" denominado Autoridade Pública Olímpica - APO.";"Votação dos pressupostos constitucionais de relevância";" urgência e adequação financeira e orçamentária da Medida Provisória nº 503";" de 2010 (verificação).";"Autoridade Pública Olímpica";;;;;
"S11006";110301;"06:00:00";"Sim";"PLV";2;2011;"Ratifica o Protocolo de Intenções firmado entre a União";" o Estado do Rio de Janeiro e o Município do Rio de Janeiro";" com a finalidade de constituir consórcio público";" denominado Autoridade Pública Olímpica - APO.";"Votação do Projeto de Lei de Conversão nº 2";" de 2011 -MP 503/2010- ( Verificação)";"Autoridade Pública Olímpica";;;;;;
"S11007";110301;"07:00:00";"Sim";"PLV";3;2011;"Constitui fonte de recursos adicional ao Banco Nacional de Desenvolvimento Econômico e Social - BNDES; e altera a Relação Descritiva constante do Anexo da Lei nº 5.917, de 10 de setembro de 1973.";"Votação do Projeto de Lei de Conversão nº 3";" de 2011 -MP 505/2010- ( Verificação)";"Recursos para o BNDES";;;;;;;;;
"S11008";110405;"08:00:00";"Sim";"PLV";6;2011;"Regula o cumprimento de obrigações tributárias por consórcios que realizarem contratações de pessoas jurídicas e físicas ; acresce dispositivos à Lei nº 10.168, de 29 de dezembro de 2000, que institui contribuição de intervenção...";"Votação dos pressupostos de relevância e urgência e adequação financeira e orçamentária da MP nº 510";" de 2010 (verificação)";"Obrigações tributárias de consórcios";;;;;;;;;
"S11009";110413;"09:00:00";"Sim";"PLV";7;2011;"Autoriza a criação da Empresa de Transporte Ferroviário de Alta Velocidade S.A. - ETAV; estabelece medidas voltadas a assegurar a sustentabilidade econômico-financeira do Banco Nacional de Desenvolvimento Econômico e Social – BNDES...";"Votação quanto aos pressupostos constitucionais de relevância";" urgência e adequação financeira e orçamentária da Medida Provisória nº 511";" de 2010.";"Trem de Alta Velocidade (TAV) entre Rio de Janeiro e Campinas";;;;;;;;
"S11010";110413;"10:00:00";"Sim";"PLV";7;2011;"Autoriza a criação da Empresa de Transporte Ferroviário de Alta Velocidade S.A. - ETAV; estabelece medidas voltadas a assegurar a sustentabilidade econômico-financeira do Banco Nacional de Desenvolvimento Econômico e Social – BNDES...";"Votação do PLV 7";" de 2011";"Trem de Alta Velocidade (TAV) entre Rio de Janeiro e Campinas";;;;;;;;;
"S11011";110524;"11:00:00";"Sim";"MPV";515;2010;"Abre crédito extraordinário em favor da Justiça do Trabalho e de diversos órgãos do Poder Executivo";" no valor global de R$ 26.673.264.196";0;" para os fins que especifica.";"Votação da Medida Provisória nº 515";" de 2010";"Crédito de R$26 milhões para Justiça do Trabalho e outros";;;;;;
"S11012";110601;"12:00:00";"Sim";"PLV";13;2011;"Dispõe sobre a incidência do imposto sobre a renda nas operações que especifica; altera as Leis nºs 11.478, de 29 de maio de 2007, 6.404, de 15 de dezembro de 1976, 9.430, de 27 de dezembro de 1996, 12.350, de 20 de dezembro de 2010, 11.196, de 21 de novembro de 2005, 8.248, de 23 de outubro de 1991, 9.648, de 27 de maio de 1998...";"Votação quanto aos pressupostos constitucionais de relevância";" urgência e adequação financeira e orçamentária da MPV nº 517";" de 2010 (Verificação).";"Imposto de renda";;;;;;;;
"S11013";110601;"13:00:00";"Não";"PLV";13;2011;"Dispõe sobre a incidência do imposto sobre a renda nas operações que especifica; altera as Leis nºs 11.478, de 29 de maio de 2007, 6.404, de 15 de dezembro de 1976, 9.430, de 27 de dezembro de 1996, 12.350, de 20 de dezembro de 2010, 11.196, de 21 de novembro de 2005, 8.248, de 23 de outubro de 1991, 9.648, de 27 de maio de 1998...";"Votação do Requerimento nº 638";" de 2011";" de autoria do Senador Alvaro Dias";" solicitando destaque para votação em separado da Emenda nº 49.";"Imposto de renda";;;;;;;
"S11014";110601;"14:00:00";"Sim";"PLV";13;2011;"Dispõe sobre a incidência do imposto sobre a renda nas operações que especifica; altera as Leis nºs 11.478, de 29 de maio de 2007, 6.404, de 15 de dezembro de 1976, 9.430, de 27 de dezembro de 1996, 12.350, de 20 de dezembro de 2010, 11.196, de 21 de novembro de 2005, 8.248, de 23 de outubro de 1991, 9.648, de 27 de maio de 1998...";"Votação do Projeto de Lei nº 13";" de 2011 - MP 517/2010 (Verificação).";"Imposto de renda";;;;;;;;;
"S11015";110601;"15:00:00";"Sim";"PLV";14;2011;"Autoriza o Poder Executivo a criar a empresa pública denominada Empresa Brasileira de Serviços Hospitalares - EBSERH; altera a Lei nº 12.101, de 27 de novembro de 2009; e dá outras providências.";"Votação quanto aos pressupostos constitucionais de relevância";" urgência e adequação financeira e orçamentária da MPV nº 520";" de 2010 (Verificação).";"Criação da Empresa Brasileira de Serviços Hospitalares – EBSERH";;;;;;;;
"S11016";110614;"16:00:00";"Sim";"MPV";525;2011;"Altera a Lei no 8.745";" de 9 de dezembro de 1993";" no tocante à contratação de professores.";"Votação quanto aos pressupostos constitucionais de relevância";" urgência e adequação financeira e orçamentária da Medida Provisória nº 525";" de 2011.";"Contratação de professores";;;;;;
"S11017";110614;"17:00:00";"Sim";"MPV";525;2011;"Altera a Lei no 8.745";" de 9 de dezembro de 1993";" no tocante à contratação de professores.";"Votação da Medida Provisória nº 525";" de 2011";"Contratação de professores";;;;;;;
"S11018";110629;"18:00:00";"Sim";"PLV";16;2011;"Constitui fonte de recursos adicional ao Banco Nacional de Desenvolvimento Econômico e Social - BNDES; altera as Leis nºs 12.096, de 24 de novembro de 2009; 12.409, de 25 de maio de 2011, 10.841, de 18 de fevereiro de 2004, e 12.101, de 27 de novembro de 2009...";"Votação dos Pressupostos Constitucionais de Relevância";" Urgência e Adequação Financeira e Orçamentária da Medida Provisória nº 526";" de 2011.";"Recursos para o BNDES";;;;;;;;
"S11019";110629;"19:00:00";"Sim";"PLV";16;2011;"Constitui fonte de recursos adicional ao Banco Nacional de Desenvolvimento Econômico e Social - BNDES; altera as Leis nºs 12.096, de 24 de novembro de 2009; 12.409, de 25 de maio de 2011, 10.841, de 18 de fevereiro de 2004, e 12.101, de 27 de novembro de 2009; dispõe sobre medidas de suspensão temporária de exigências de regularidade fiscal...";"Votação do Projeto de Lei de Conversão nº 16";" de 2011";"Recursos para o BNDES";;;;;;;;;
"S11020";110706;"20:00:00";"Sim";"PLV";17;2011;"Institui o Regime Diferenciado de Contratações Públicas - RDC; altera a Lei no 10.683, de 28 de maio de 2003, que dispõe sobre a organização da Presidência da República e dos Ministérios, a legislação da Agência Nacional de Aviação Civil - ANAC e a legislação da Empresa Brasileira de Infraestrutura Aeroportuária - INFRAERO; cria a Secretaria de Aviação Civil...";"Votação dos Pressupostos de Relevância e Urgência da MP nº 527";" de 2011";"Aeroportos";;;;;;;;;
"S11021";110706;"21:00:00";"Sim";"PLV";17;2011;"Institui o Regime Diferenciado de Contratações Públicas - RDC; altera a Lei no 10.683, de 28 de maio de 2003, que dispõe sobre a organização da Presidência da República e dos Ministérios, a legislação da Agência Nacional de Aviação Civil - ANAC e a legislação da Empresa Brasileira de Infraestrutura Aeroportuária - INFRAERO; cria a Secretaria de Aviação Civil...";"Votação do Projeto de Lei de Conversão nº 17";" de 2011";"Aeroportos";;;;;;;;;
"S11022";110803;"22:00:00";"Não";"PLV";18;2011;"Altera os valores constantes da tabela do Imposto sobre a Renda da Pessoa Física e altera as Leis nºs 11.482";" de 31 de maio de 2007";7713;" de 22 de dezembro de 1988";"9,25";" de 26 de dezembro de 1995";9656;" de 3 de junho de 1998";" e 10.480";" de 2 de julho de 2002.";"Votação da Emenda nº 51";" a Medida Provisória 528 (verificação) - PLV 18/2011";"Altera tabela do Imposto sobre a Renda da Pessoa Física"
"S11023";110816;"23:00:00";"Sim";"PEC";11;2011;"Altera o procedimento de apreciação das medidas provisórias pelo Congresso Nacional.";"Votação da Subemenda nº 1-CCJ às Emendas 2";" 3 e 5-PLEN à PEC nº 11/2011 (1º Turno).";"Altera apreciação de medidas provisórias pelo Congresso Nacional";;;;;;;;;
"S11024";110816;"00:00:00";"Não";"PLC";116;2010;"Dispõe sobre a comunicação audiovisual de acesso condicionado; altera a Medida Provisória nº 2.228-1, de 6 de setembro de 2001, e as Leis nºs 11.437, de 28 de dezembro de 2006, 5.070, de 7 de julho de 1966, 8.977, de 6 de janeiro de 1995, e 9.472, de 16 de julho de 1997; e dá outras providências.";"Votação da Emenda 16/PLEN ao PLC 116/2010.";"Comunicação audiovisual de acesso condicionado";;;;;;;;;;
"S11025";110817;"01:00:00";"Sim";"PEC";11;2011;"Altera o procedimento de apreciação das medidas provisórias pelo Congresso Nacional.";"Votação da subemenda nº 1-CCJ à PEC nº 11";" de 2011 (2º turno).";"Altera apreciação de medidas provisórias pelo Congresso Nacional";;;;;;;;;
"S11026";110831;"02:00:00";"Sim";"PLV";21;2011;"Altera as Leis nºs 9.478, de 6 de agosto de 1997, e 9.847, de 26 de outubro de de 1999, que dispõem sobre a política e a fiscalização das atividades relativas ao abastecimento nacional de combustíveis; altera o § 1º do art. 9o da Lei nº 8.723, de 28 de outubro de 1993, que dispõe sobre a redução de emissão de poluentes por veículos automotores...";"Votação dos Pressupostos de Relevância e Urgência e Adequação Financeira e Orçamentária da Medida Provisória nº 532";" de 2011.";"Fiscalização do abastecimento de combustíveis";;;;;;;;;
"S11027";111005;"03:00:00";"Não";"MPV";538;2011;"Autoriza a prorrogação de contratos por tempo determinado firmados com fundamento na alínea ""g"" do inciso VI do art. 2º da Lei nº 8.745, de 9 de dezembro de 1993, e dá outras providências.";"Votação de emendas de parecer contrário à Medida Provisória";"Prorrogação de contratos";;;;;;;;;;
"S11028";111005;"04:00:00";"Sim";"PLC";77;2011;"Altera dispositivos da Lei Complementar nº 123";" de 14 de dezembro de 2006";" e dá outras providências.";"Votação do Projeto de Lei da Câmara nº 77";" de 2011";"SuperSimples";;;;;;;
"S11029";111005;"05:00:00";"Sim";"PLC";77;2011;"Altera dispositivos da Lei Complementar nº 123";" de 14 de dezembro de 2006";" e dá outras providências.";"Votação das Emendas 1 a 3-CAE";" de parecer favorável ao PLC 77";" de 2011.";"SuperSimples";;;;;;
"S11030";111005;"06:00:00";"Não";"PLC";77;2011;"Altera dispositivos da Lei Complementar nº 123";" de 14 de dezembro de 2006";" e dá outras providências.";"Votação da Emenda 4-CAE";" ao PLC 77";" de 2011.";"SuperSimples";;;;;;
"S11031";111005;"07:00:00";"Não";"PLC";77;2011;"Altera dispositivos da Lei Complementar nº 123";" de 14 de dezembro de 2006";" e dá outras providências.";"Votação das Emendas 5 a 10 do Parecer contrário ao PLC 77";" de 2011.";"SuperSimples";;;;;;;
"S11032";111005;"08:00:00";"Sim";"PLV";25;2011;"Dá nova redação ao art. 4º da Lei nº 6.932, de 7 de julho de 1981, que dispõe sobre as atividades do médico-residente; e trata dascontribuições devidas aos conselhos profissionais em geral. ";"Votação dos pressupostos constitucionais de relevância e urgência e adequação financeira e orçamentária da Medida Provisória 536";" de 2011.";"Atividades do médico-residente";;;;;;;;;
"S11033";111019;"09:00:00";"Não";"PLS";448;2011;"Dispõe sobre royalties e participação especial devidos em função da produção de petróleo";" gás natural e outros hidrocarbonetos fluidos sob o regime de concessão no mar territorial";" na zona econômica exclusiva e na plataforma continental";" e sobre royalties devidos sob o regime de partilha de produção";" instituído pela Lei nº 12.351";" de 22 de dezembro de 2010.";"Votação do Requerimento nº 1267";" de 2011";" do Senador Francisco Dornelles.";"Royalties de petróleo";;;
"S11034";111019;"10:00:00";"Não";"PLS";448;2011;"Dispõe sobre royalties e participação especial devidos em função da produção de petróleo";" gás natural e outros hidrocarbonetos fluidos sob o regime de concessão no mar territorial";" na zona econômica exclusiva e na plataforma continental";" e sobre royalties devidos sob o regime de partilha de produção";" instituído pela Lei nº 12.351";" de 22 de dezembro de 2010.";"Votação da Emenda nº 13 ao PLS nº 448";" de 2011.";"Royalties de petróleo";;;;
"S11035";111019;"11:00:00";"Não";"PLS";448;2011;"Dispõe sobre royalties e participação especial devidos em função da produção de petróleo";" gás natural e outros hidrocarbonetos fluidos sob o regime de concessão no mar territorial";" na zona econômica exclusiva e na plataforma continental";" e sobre royalties devidos sob o regime de partilha de produção";" instituído pela Lei nº 12.351";" de 22 de dezembro de 2010.";"Votação da Emenda nº 25 ao PLS nº 448";" de 2011.";"Royalties de petróleo";;;;
"S11036";111019;"12:00:00";"Não";"PLS";448;2011;"Dispõe sobre royalties e participação especial devidos em função da produção de petróleo";" gás natural e outros hidrocarbonetos fluidos sob o regime de concessão no mar territorial";" na zona econômica exclusiva e na plataforma continental";" e sobre royalties devidos sob o regime de partilha de produção";" instituído pela Lei nº 12.351";" de 22 de dezembro de 2010.";"Votação da Emenda nº 19 Substitutivo ao PLS nº 448";" de 2011.";"Royalties de petróleo";;;;
"S11037";111025;"13:00:00";"Não";"PLC";41;2010;"Regula o acesso a informações previsto no inciso XXXIII do art. 5º, no inciso II do § 3º do art. 37 e no § 2º do art. 216 da Constituição Federal; altera a Lei nº 8.112, de 11 de dezembro de 1990; revoga a Lei nº 11.111, de 5 de maio de 2005, e dispositivos da Lei nº 8.159, de 8 de janeiro de 1991; e dá outras providências. ";"Votação da Emenda nº 5 - PLEN (substitutivo) ao PLC nº 41/2010.";"Acesso à informação";;;;;;;;;;
"S11038";111026;"14:00:00";"Sim";"PLC";1;2010;"Fixa normas";" nos termos dos incisos III";" VI e VII do caput e do parágrafo único do art. 23 da Constituição Federal";" para a cooperação entre a União";" os Estados";" o Distrito Federal e os Municípios";" nas ações administrativas decorrentes do exercício da competência comum relativas à proteção das paisagens naturais notáveis";" à proteção do meio ambiente...";"Votação do Projeto de Lei da Câmara nº 1 de 2010 - Complementar";"Cooperação entre União";" Estados e Municípios na preservação ambiental";;
"S11039";111026;"15:00:00";"Sim";"PLC";1;2010;"Fixa normas";" nos termos dos incisos III";" VI e VII do caput e do parágrafo único do art. 23 da Constituição Federal";" para a cooperação entre a União";" os Estados";" o Distrito Federal e os Municípios";" nas ações administrativas decorrentes do exercício da competência comum relativas à proteção das paisagens naturais notáveis";" à proteção do meio ambiente...";"Votação das Emendas 1 e 2 ao PLC 1/2010.";"Cooperação entre União";" Estados e Municípios na preservação ambiental";;
"S11041";111122;"16:00:00";"Não";"PLV";29;2011;"Institui o Regime Especial de Reintegração de Valores Tributários para as Empresas Exportadoras - REINTEGRA; dispõe sobre a redução do Imposto sobre Produtos Industrializados - IPI à indústria automotiva; altera a incidência das contribuições previdenciárias devidas pelas empresas que menciona; altera as Leis nºs 11.774, de 17 de setembro de 2008, 11.033, de 21 de dezembro de 2004, 11.196, de 21 de novembro de 2005, 10.865...";"Votação do Requerimento nº 1392/2011 de destaque do Parágrafo 6º do art. 49 do PLV 29/2011.";"Regime Especial de Reintegração de Valores Tributários para as Emp. Exportadoras – Reintegra";;;;;;;;;;
"S11042";111123;"17:00:00";"Sim";"PLC";79;2011;"Autoriza o Poder Executivo a criar a empresa pública denominada Empresa Brasileira de Serviços Hospitalares - EBSERH; acrescenta dispositivos ao Decreto-Lei nº 2.848, de 7 de dezembro de 1940 - Código Penal; e dá outras providências. ";"Votação do Projeto de Lei da Câmara nº 79";" de 2011.";" Empresa Brasileira de Serviços Hospitalares - EBSERH";;;;;;;;;
"S11044";111129;"19:00:00";"Sim";"PLS";225;2011;"Altera dispositivos da Lei Complementar nº 101";" de 04 de maio de 2000";" que estabelece normas de finanças públicas voltadas para a responsabilidade na gestão Fiscal";" - Lei de Responsabilidade Fiscal";" e dá outras providências.";"Votação do PLS 225/2011-Complementar.";"Altera a Lei de Responsabilidade Fiscal";;;;;;
"S11045";111129;"20:00:00";"Sim";"PLS";225;2011;"Altera dispositivos da Lei Complementar nº 101";" de 04 de maio de 2000";" que estabelece normas de finanças públicas voltadas para a responsabilidade na gestão Fiscal";" - Lei de Responsabilidade Fiscal";" e dá outras providências.";"Votação da Emenda nº 1-CCJ/CAE ao PLS 225/2011-Complementar.";"Altera a Lei de Responsabilidade Fiscal";;;;;;
"S11046";111130;"20:00:00";"Sim";"PEC";33;2009;"Acrescenta o art. 220-A à Constituição Federal";" para dispor sobre a exigência do diploma de curso superior de comunicação social";" habilitação jornalismo";" para o exercício da profissão de jornalista. ";"Votação da Emenda nº 1-CCJ (Substitutivo) à PEC 33/2009.";"Exigência de diploma para jornalistas";;;;;;;
"S11047";111130;"21:00:00";"Sim";"PLC";30;2011;"Dispõe sobre a proteção da vegetação nativa, altera as Leis nºs 6.938, de 31 de agosto de 1981, 9.393, de 19 de dezembro de 1996, e 11.428, de 22 de dezembro de 2006; revoga as Leis nºs 4.771, de 15 de setembro de 1965, e 7.754, de 14 de abril de 1989, e a Medida Provisória nº 2.166-67, de 24 de agosto de 2001; e dá outras providências.";"Votação do RQS 1456/2011";" de autoria do(a) Comissão de Meio Ambiente";" Defesa do Consumidor e Fiscalização e Controle";" que solicitando urgência para o PLC 30/2011.";"Código Florestal";;;;;;;
"S11048";111206;"22:00:00";"Sim";"PLC";30;2011;"Dispõe sobre a proteção da vegetação nativa, altera as Leis nºs 6.938, de 31 de agosto de 1981, 9.393, de 19 de dezembro de 1996, e 11.428, de 22 de dezembro de 2006; revoga as Leis nºs 4.771, de 15 de setembro de 1965, e 7.754, de 14 de abril de 1989, e a Medida Provisória nº 2.166-67, de 24 de agosto de 2001; e dá outras providências.";"Votação da Emenda nº 3-CMA (Substitutivo) ao PLC 30/2011.";"Código Florestal";;;;;;;;;;
"S11049";111207;"23:00:00";"Não";"SCD";121;2007;"Regulamenta o § 3º do art. 198 da Constituição Federal para dispor sobre os valores mínimos a serem aplicados anualmente pela União, Estados, Distrito Federal e Municípios em ações e serviços públicos de saúde; institui contribuição social destinada à saúde...";"Votação do Requerimento nº 1.528";" de 2011";" de destaque para a votação em separado do inciso II do art. 1º";" dos §§ 1º e 2º do art. 1º da Seção II";" Da Contribuição Social para a Saúde...";"Valores mínimos de investimento em saúde ";;;;;;
"S11050";111207;"00:00:00";"Não";"SCD";121;2007;"Regulamenta o § 3º do art. 198 da Constituição Federal para dispor sobre os valores mínimos a serem aplicados anualmente pela União, Estados, Distrito Federal e Municípios em ações e serviços públicos de saúde; institui contribuição social destinada à saúde...";"Votação do Requerimento nº 1.529";" de 2011";" de destaque para a votação";" em separado";" do art. 5º e seus parágrafos do Substitutivo da Câmara ao Projeto de Lei do Senado nº 121";" de 2007";" complementar...";"Valores mínimos de investimento em saúde ";;;;
"S11051";111207;"01:00:00";"Sim";"SCD";121;2007;"Regulamenta o § 3º do art. 198 da Constituição Federal para dispor sobre os valores mínimos a serem aplicados anualmente pela União, Estados, Distrito Federal e Municípios em ações e serviços públicos de saúde; institui contribuição social destinada à saúde...";"Votação dos dispositivos do Parecer favorável ao Substitutivo da Câmara ao PLS 121";" de 2007...";"Valores mínimos de investimento em saúde ";;;;;;;;;
"S11053";111207;"03:00:00";"Não";"SCD";121;2007;"Regulamenta o § 3º do art. 198 da Constituição Federal para dispor sobre os valores mínimos a serem aplicados anualmente pela União, Estados, Distrito Federal e Municípios em ações e serviços públicos de saúde; institui contribuição social destinada à saúde...";"Votação dos §§2º e 3º do art. 6º do Substitutivo da CD ao PLS 121/2007-COmplementar (Parecer contrário).";"Valores mínimos de investimento em saúde ";;;;;;;;;;
"S11054";111208;"04:00:00";"Sim";"PEC";114;2011;"Altera o art. 76 do Ato das Disposições Constitucionais Transitórias.";"Votação em 1º turno da PEC 114/2011.";"Prorrogação da Desvinculação de Receitas da União (DRU) ";;;;;;;;;;
"S11055";111206;"05:00:00";"Sim";"SCD";121;2007;"Regulamenta o § 3º do art. 198 da Constituição Federal para dispor sobre os valores mínimos a serem aplicados anualmente pela União, Estados, Distrito Federal e Municípios em ações e serviços públicos de saúde; institui contribuição social destinada à saúde...";"Votação do Requerimento nº 1484/2011 de inversão de pauta.";"Valores mínimos de investimento em saúde ";;;;;;;;;;
"S12001";120307;"06:00:00";"Não";"MSF";151;2011;"Submete à apreciação do Senado Federal a indicação do Senhor BERNARDO JOSÉ FIGUEIREDO GONÇALVES DE OLIVEIRA para ser reconduzido ao cargo de Diretor-Geral da Agência Nacional de Transportes Terrestres – ANTT.";"Requerimento nº 116";" de 2012 - Sobrestamento ao Parecer nº 74";" de 2012 – Suspende a votação da indicação de BERNARDO JOSÉ FIGUEIREDO GONÇALVES DE OLIVEIRA para ANTT.";"Escolha do Diretor-Geral da Agência Nacional de Transportes Terrestres";;;;;;;;
"S12002";120320;"07:00:00";"Sim";"PEC";5;2012;"Acrescenta o art. 98 ao Ato das Disposições Constitucionais Transitórias da Constituição Federal.";"Votação da PEC 5/2012";" em 1º turno.";"Aposentadoria integral em caso de invalidez permanente";;;;;;;;;
"S12003";120320;"08:00:00";"Sim";"PEC";5;2012;"Acrescenta o art. 98 ao Ato das Disposições Constitucionais Transitórias da Constituição Federal.";"Votação das Emendas nºs 1 e 2-CCJ (de redação) à PEC 5/2012 (1º turno).";"Aposentadoria integral em caso de invalidez permanente";;;;;;;;;;
"S12004";120320;"09:00:00";"Sim";"PEC";5;2012;"Acrescenta o art. 98 ao Ato das Disposições Constitucionais Transitórias da Constituição Federal.";"Votação da PEC 5/2012";" em 2º turno.";"Aposentadoria integral em caso de invalidez permanente";;;;;;;;;
"S12005";120403;"10:00:00";"Sim";"PLC";40;2010;"Dispõe sobre a concessão de aposentadoria especial à pessoa com deficiência filiada ao Regime Geral de Previdência Social.";"PLC nº 40";" de 2010 - Emenda nº 1 CAE (substitutivo/turno único)";"Aposentadoria especial à pessoa com deficiência";;;;;;;;;
"S12006";120403;"11:00:00";"Sim";"PLC";40;2010;"Dispõe sobre a concessão de aposentadoria especial à pessoa com deficiência filiada ao Regime Geral de Previdência Social.";"Substitutivo ao PLC nº 40";" de 2010";" e emenda nº 1 PLEN (turno suplementar)";"Aposentadoria especial à pessoa com deficiência";;;;;;;;
"S12007";120424;"12:00:00";"Não";"PRS";72;2010;"Estabelece alíquotas do Imposto sobre Operações Relativas à Circulação de Mercadorias e sobre Prestação de Serviços de Transporte Interestadual e Intermunicipal e de Comunicação";" nas operações interestaduais com bens e mercadorias importados do exterior.";"Votação do Requerimento nº 343";" de 2012.";"Estabelece alíquota de ICMS sobre produtos importados ";;;;;;;;
"S12008";120424;"13:00:00";"Sim";"PRS";72;2010;"Estabelece alíquotas do Imposto sobre Operações Relativas à Circulação de Mercadorias e sobre Prestação de Serviços de Transporte Interestadual e Intermunicipal e de Comunicação";" nas operações interestaduais com bens e mercadorias importados do exterior.";"Votação da Emenda nº 1-CAE (Substitutivo) PRS Nº 72";" de 2010 (Turno único).";"Estabelece alíquota de ICMS sobre produtos importados ";;;;;;;;
"S12009";120424;"14:00:00";"Sim";"PRS";72;2010;"Estabelece alíquotas do Imposto sobre Operações Relativas à Circulação de Mercadorias e sobre Prestação de Serviços de Transporte Interestadual e Intermunicipal e de Comunicação";" nas operações interestaduais com bens e mercadorias importados do exterior.";"Votação do Substitutivo ao PRS Nº 72";" de 2010 (Turno suplementar).";"Estabelece alíquota de ICMS sobre produtos importados ";;;;;;;;
"S12010";120424;"15:00:00";"Sim";"PRS";72;2010;"Estabelece alíquotas do Imposto sobre Operações Relativas à Circulação de Mercadorias e sobre Prestação de Serviços de Transporte Interestadual e Intermunicipal e de Comunicação";" nas operações interestaduais com bens e mercadorias importados do exterior.";"Votação da Emenda Nº 1-PLEN e Subemenda ao Substitutivo ao PRS 72/2010 (Turno Suplementar).";"Estabelece alíquota de ICMS sobre produtos importados ";;;;;;;;;
"S12011";120425;"16:00:00";"Sim";"PLV";7;2012;"Reduz a zero as alíquotas da Contribuição para o PIS/Pasep, da Contribuição para o Financiamento da Seguridade Social - COFINS, da Contribuição para o PIS/Pasep - Importação e da Cofins - Importação incidentes soabre a importação e a receita de venda no mercado interno dos produtos que menciona; altera as Leis nºs 10.865, de 30 de abril de 2004, 10.522...";"Votação dos pressupostos de relevância e urgência do MPV nº 549";" de 2011 (PLV nº 7";" de 2012).";"Reduz contribuição para PIS/Pasep e Cofins";;;;;;;;
"S12012";120425;"17:00:00";"Sim";"PLV";8;2012;"Altera dispositivos das Leis nºs 7.920, de 12 de dezembro de 1989, 8.399, de 7 de janeiro de 1992, 9.825, de 23 de agosto de 1999, 12.462, de 5 de agosto de 2011, 6.009, de 26 de dezembro de 1973, e 5.862, de 12 de dezembro de 1972; revoga o Decreto-Lei nº 1.896, de 17 de dezembro de 1981; e dá outras providências.";"Votação do Projeto de Lei de Conversão nº 8";" de 2012 (MPV 551/2011).";"Adicional de Tarifa Aeroportuária ";;;;;;;;;
"S12013";120509;"18:00:00";"Não";"PLC";10;2012;"Dispõe sobre as medidas relativas à Copa das Confederações Fifa 2013 e à Copa do Mundo Fifa 2014, que serão realizadas no Brasil; e altera as Leis nºs 6.815, de 19 de agosto de 1980, e 10.671, de 15 de maio de 2003.";"Votação em globo de Requerimentos de destaque (PLC nº 10/2012)";"Lei da Copa";;;;;;;;;;
"S12014";120627;"19:00:00";"Não";"PLV";13;2012;"Dispõe sobre a incidência do imposto sobre a renda nas operações que especifica; altera as Leis nºs 11.478, de 29 de maio de 2007, 6.404, de 15 de dezembro de 1976, 9.430, de 27 de dezembro de 1996, 12.350, de 20 de dezembro de 2010, 11.196, de 21 de novembro de 2005, 8.248, de 23 de outubro de 1991, 9.648, de 27 de maio de 1998...";"Requerimentos nºs 603";" 604 e 605";" de 2012 - Destaque para votação em separado do art. 28 do PLV nº 13";" de 2012";"Imposto de renda";;;;;;;
"S12015";120704;"20:00:00";"Sim";"PEC";103;2011;"Acrescenta o inciso VIII-A ao § 2º do art. 155 da Constituição Federal";" para modificar a sistemática de cobrança do imposto sobre operações relativas à circulação de mercadorias e sobre prestações de serviços de transporte interestadual e intermunicipal e de comunicação incidente sobre as operações e prestações realizadas de forma não presencial e que destinem bens e serviços a consumidor final localizado em outro Estado. ";"Votação da PEC 103";" de 2011";" na forma do texto consolidado da CCJ (1º Turno).";"Cobrança de ICMS no comércio eletrônico";;;;;;;
"S12016";120704;"21:00:00";"Sim";"PEC";103;2011;"Acrescenta o inciso VIII-A ao § 2º do art. 155 da Constituição Federal";" para modificar a sistemática de cobrança do imposto sobre operações relativas à circulação de mercadorias e sobre prestações de serviços de transporte interestadual e intermunicipal e de comunicação incidente sobre as operações e prestações realizadas de forma não presencial e que destinem bens e serviços a consumidor final localizado em outro Estado. ";"Votação da PEC 103";" de 2011";" na forma do texto consolidado da CCJ (2º Turno).";"Cobrança de ICMS no comércio eletrônico";;;;;;;
"S12017";120704;"22:00:00";"Sim";"PEC";86;2007;"Altera o § 2º do art. 55 da Constituição Federal. (Determina o voto aberto para a perda de mandato de Deputados e Senadores). ";"Votação da PEC 86";" de 2007 (1º Turno).";"Voto aberto para perda de mandato no Congresso";;;;;;;;;
"S12018";120704;"23:00:00";"Sim";"PEC";86;2007;"Altera o § 2º do art. 55 da Constituição Federal. (Determina o voto aberto para a perda de mandato de Deputados e Senadores). ";"Votação da PEC 86";" de 2007 (2º Turno)";"Voto aberto para perda de mandato no Congresso";;;;;;;;;
"S12019";120807;"00:00:00";"Sim";"PLS";198;2007;"Acrescenta parágrafo ao Art. 1º da Lei Complementar nº 110";" de 2001";" estabelecendo prazo para a extinção de contribuição social. ";"Emenda nº2 - CCJ ao PLS nº 198";" de 2007";"Prazo para extinção da contribuição social";;;;;;;
"S12020";120807;"01:00:00";"Sim";"PLS";198;2007;"Acrescenta parágrafo ao Art. 1º da Lei Complementar nº 110";" de 2001";" estabelecendo prazo para a extinção de contribuição social. ";"Projeto de Lei do Senado nº 198";" de 2007-Complementar";"Prazo para extinção da contribuição social";;;;;;;
"S12021";120807;"02:00:00";"Sim";"PEC";33;2009;"Acrescenta o art. 220-A à Constituição Federal";" para dispor sobre a exigência do diploma de curso superior de comunicação social";" habilitação jornalismo";" para o exercício da profissão de jornalista. ";"Proposta de Emenda à Constituição nº 33";" de 2009 (2º turno)";"Exigência de diploma para jornalistas";;;;;;
"S12022";120807;"03:00:00";"Sim";"PLS";652;2011;"Modifica as Leis nº 8.212 e 8.213";" de 24 de julho de 1991";" para dispor sobre a aposentadoria especial dos garçons.";"Projeto de Lei do Senado nº 652";" de 2011";"Aposentadoria dos garçons";;;;;;;
"S12023";120807;"04:00:00";"Sim";"PLS";652;2011;"Modifica as Leis nº 8.212 e 8.213";" de 24 de julho de 1991";" para dispor sobre a aposentadoria especial dos garçons.";"Emenda nº1 - CAS ao PLS 652";" de 2011";"Aposentadoria dos garçons";;;;;;;
"S12024";120808;"05:00:00";"Sim";"PEC";63;2011;"Altera a redação do art. 3º da Emenda Constittucional nº 62";" de 9 de dezembro de 2009";" para ampliar o prazo de adesão ao regime especial de precatório até a data de 31 de dezembro de 2012. ";"Votação da Emenda nº 1-CCJ (SUBSTITUTIVO) à Proposta de Emenda à Constituição nº 63";" de 2011 - 1º Turno (altera a redação do art. 3º da Emenda Constitucional nº 62";" de 9 de dezembro de 2009";" para ampliar o prazo de adesão ao regime especial de precatórios até a data de 31 de dezembro de 2012).";"Regime especial de precatórios";;;;;
"S12025";120808;"06:00:00";"Sim";"PEC";82;2011;"Altera o art. 134 da Constituição Federal. ";"Votação em 2º turno da Proposta de Emenda à Constituição nº 82";" de 2011 (altera o art. 134 da Constituição Federal - Defensoria Pública da União).";"Autonomia da Denfesoria Pública da União";;;;;;;;;
"S12026";120808;"07:00:00";"Sim";"PEC";82;2011;"Altera o art. 134 da Constituição Federal. ";"Votação em 1º turno da Proposta de Emenda à Constituição nº 82";" de 2011 (altera o art. 134 da Constituição Federal - Defesoria Pública da União).";"Autonomia da Denfesoria Pública da União";;;;;;;;;
"S12027";120829;"08:00:00";"Sim";"PEC";65;2011;"Altera o art. 27 do Ato das Disposições Constitucionais Transitórias para criar o Tribunal Regional Federal da 6ª Região";" em Belo Horizonte";" Minas Gerais.";"Votação em 1º turno da PEC nº 65";" de 2011.";"Cria Tribunal Regional Federal em MG";;;;;;;
"S12028";120829;"09:00:00";"Sim";"PEC";65;2011;"Altera o art. 27 do Ato das Disposições Constitucionais Transitórias para criar o Tribunal Regional Federal da 6ª Região";" em Belo Horizonte";" Minas Gerais.";"Votação da Emenda nº 1 - CCJ à PEC nº 65";" de 2011 (1º turno).";"Cria Tribunal Regional Federal em MG";;;;;;;
"S12029";120912;"10:00:00";"Não";"PL";16;2012;"Altera a Lei nº 10.836, de 9 de janeiro de 2004; dispõe sobre o apoio financeiro da União aos Municípios e ao Distrito Federal para ampliação da oferta da educação infantil; e dá outras providências.";"Votação dos requerimentos nº 819 e 820";" de 2012";" referentes ao PLV nº 16";" de 2012.";"Aumento dos vencimentos do quadro de servidores da escola";;;;;;;
"S12030";120912;"11:00:00";"Sim";"PEC";34;2012;"Acrescenta o art. 216-A à Constituição Federal para instituir o Sistema Nacional de Cultura.";"Proposta de Emenda à Constituição nº 34";" de 2012 (1º turno)";"Sistema Nacional de Cultura";;;;;;;;;
"S12031";120912;"12:00:00";"Sim";"PEC";34;2012;"Acrescenta o art. 216-A à Constituição Federal para instituir o Sistema Nacional de Cultura.";"Proposta de Emenda à Constituição nº 34";" de 2012 (2º turno).";"Sistema Nacional de Cultura";;;;;;;;;
"S12032";121107;"13:00:00";"Sim";"PLC";32;2012;"Modifica a Lista de serviços tributáveis pelo Imposto sobre Serviços de Qualquer Natureza — ISS anexa à Lei Complementar nº 116";" de 31 de julho de 2003.";"Votação do Projeto de Lei da Câmara nº 32";" de 2012 - Complementar.";"Imposto sobre Serviços de Qualquer Natureza";;;;;;;;
"S12033";121107;"14:00:00";"Sim";"PLC";32;2012;"Modifica a Lista de serviços tributáveis pelo Imposto sobre Serviços de Qualquer Natureza — ISS anexa à Lei Complementar nº 116";" de 31 de julho de 2003.";"Votação da Emenda nº 1 CCJ de Redação ao PLC nº 32/2012 - Complementar";"Imposto sobre Serviços de Qualquer Natureza";;;;;;;;;
"S12034";121107;"15:00:00";"Sim";"PEC";65;2011;"Altera o art. 27 do Ato das Disposições Constitucionais Transitórias para criar o Tribunal Regional Federal da 6ª Região";" em Belo Horizonte";" Minas Gerais.";"Votação da Proposta de Emenda à Constituição nº 65";" de 2011 (2º turno).";"Criação de Tribunal Regional Federal em Minas Gerais";;;;;;;
"S12035";121217;"16:00:00";"Sim";"PLV";26;2012;"Dispõe sobre medidas tributárias referentes à realização";" no Brasil";" dos Jogos Olímpicos de 2016 e dos Jogos Paraolímpicos de 2016.";"Votação dos pressupostos de relevância e urgência da MPV nº 584";" de 2012.";"Isenção de impostos para Olimpíadas do Rio";;;;;;;
"S12036";121218;"17:00:00";"Não";"PLV";30;2012;"Dispõe sobre as concessões de geração";" transmissão e distribuição de energia elétrica";" sobre a redução dos encargos setoriais";" sobre a modicidade tarifária";" e dá outras providências.";"Requerimentos nº 1172";" 1173 e 1174";" de 2012 (destaque)";"MP que reduz tarifa de energia";;;;
"S13009";130319;"14:00:00";"Sim";"PEC";66;2012;"Proposta de Emenda à Constituição nº 66";" de 2012";" que altera a redação do parágrafo único do art. 7º da Constituição Federal para estabelecer a igualdade de direitos trabalhistas entre os trabalhadores domésticos e demais trabalhadores urbanos e rurais";;;;;;;;;;
"S13010";130319;"14:00:00";"Sim";"PEC";66;2012;;"Emenda nº 1 CCJ de Redação à Proposta de Emenda à Constituição nº 66";" de 2012 (1º turno).";;;;;;;;;;
"S13016";130410;"14:00:00";"Sim";"PLS";192;2011;;"Votação do Substitutivo do PLS nº 192. de 2011 - Comp (Turno Suplementar)";;;;;;;;;;;
"S13017";130410;"14:00:00";"Não";"PLS";192;2011;;"Votação da Emenda nº 27 ao Substitutivo ao PLS nº 192";" de 2011 - Comp (Turno Suplementar)";;;;;;;;;;
"S13018";130410;"14:00:00";"Não";"PLS";192;2011;;"Votação do Requerimento nº 299";" de 2013 que solicita a preferência para votação da Emenda nº 17-PLEN.";;;;;;;;;;
"S13019";130410;"14:00:00";"Não";"PLS";192;2011;;"Votação da Emenda nº 17 ao Substitutivo ao PLS nº 192";" de 2011 - Comp (Turno Suplementar)";;;;;;;;;;
"S13034";130516;"11:00:00";"Sim";"PLV";9;2013;;"Pressupostos constitucionais de relevância";" urgência e adequação financeira e orçamentária da Medida Provisória nº 595";" de 2012 (verificação)";;;;;;;;;
"S13035";130516;"11:00:00";"Sim";"PLV";9;2013;;"Projeto de Lei de Conversão nº 9";" de 2013 (MPV 595/2012) Dispõe sobre a exploração direta e indireta";" pela União";" de portos e instalações portuárias e sobre as atividades desempenhadas pelos operadores portuários";" e dá outras providências.";;;;;;;
"S13036";130528;"14:00:00";"Sim";"PLV";10;2013;;"Votação quanto aos pressupostos constitucionais de relevância";" urgência e adequação financeira e orçamentária da Medida Provisória nº 600";" de 2012.";;;;;;;;;
"S13040";130326;"14:00:00";"Sim";"PEC";66;2012;;"Votação";" em 2º turno da Proposta de Emenda à Constituição nº 66";" de 2012";" que altera a redação do parágrafo único do art. 7º da Constituição Federal para estabelecer a igualdade de direitos trabalhistas entre os trabalhadores domésticos e demais trabalhadores urbanos e rurais.";;;;;;;;
"S13041";130409;"14:00:00";"Sim";"PLS";192;2011;;"Votação da Emenda nº 1 (Substitutivo) ao PLS nº 192 de 2011 - Complementar";;;;;;;;;;;
5112;130618;"14:00:00";"Não";"PLV";15;2013;;"Votação da emenda nº 34 à Medida Provisória nº 609";" de 2013 (Verificação)";;;;;;;;;;
5115;130618;"14:00:00";"Não";"PLS";240;2013;;"Votação do Requerimento nº 647";" de 2013 (Verificação).";;;;;;;;;;
5116;130618;"14:00:00";"Sim";"PLS";240;2013;;"Votação";" em turno único";" do Projeto de Lei do Senado nº 240";" de 2013 - Complementar.";;;;;;;;
5117;130626;"12:30:00";"Sim";"PLS";240;2013;;"Votação do caput da emenda nº 1 da Câmara dos Deputados ao PLS nº 240/2013 - Complementar";;;;;;;;;;;
5118;130626;"12:30:00";"Não";"PLS";240;2013;;"Votacão a emenda nº 2 ao PLS 240/2013 - Complementar";;;;;;;;;;;
5119;130626;"12:30:00";"Não";"PLS";240;2013;;"Votação do § único da emenda nº 1 da Câmara dos Deputados ao PLS 240/2013 - Complementar";;;;;;;;;;;
5141;130710;"14:00:00";"Sim";"PEC";3;2011;;"Proposta de Emenda à Constituição nº 3";" de 2011(1º turno)";;;;;;;;;;
5142;130710;"14:00:00";"Não";"PEC";3;2011;;"Parágrafo 3º do art. 2º da PEC nº 3/2011.";;;;;;;;;;;
5143;130710;"14:00:00";"Sim";"PEC";3;2011;;"Emendas nºs 1 a 5";" 8 e 9 - CCJ e 10 - PLEN a PEC nº 3/2011.";;;;;;;;;;
5144;130710;"14:00:00";"Não";"PEC";3;2011;;"Emendas nºs 6 e 7 CCJ a PEC nº 3/2011.";;;;;;;;;;;
5145;130710;"14:00:00";"Sim";"PEC";3;2011;;"Proposta de Emenda à Constituição nº 3/2011 (2º turno)";;;;;;;;;;;
5138;130710;"14:00:00";"Sim";"PRS";39;2013;;"Projeto de Resolução nº 39";" de 2013 (verificação)";;;;;;;;;;
5139;130710;"14:00:00";"Sim";"PEC";11;2003;;"Emenda 2 (Substitutivo) a PEC 11/2003 (1º Truno)";;;;;;;;;;;
5140;130710;"14:00:00";"Sim";"PEC";11;2003;;"Emenda nº 2 (Substitutivo) a PEC nº 11/2003 (2º turno)";;;;;;;;;;;
5146;130711;"14:00:00";"Sim";"PLS";224;2013;;"Projeto de Lei do Senado nº 224 de 2013 (Complementar)";;;;;;;;;;;
5147;130711;"14:00:00";"Sim";"PLS";224;2013;;"Emendas de parecer favorável ao PLS nº 224/2013 (Complementar)";;;;;;;;;;;
5148;130711;"14:00:00";"Não";"PLS";224;2013;;"Emendas de parecer contrário ao PLS nº 224/2013 (Complementar)";;;;;;;;;;;
5137;130709;"14:00:00";"Sim";"PEC";37;2011;;"Votacação da Proposta de Emenda à Constituição nº 37, de 2011, que altera os arts. 46 e 56 da Constituição Federal, para reduzir de dois para um o número de suplentes de Senador;vedar a eleição de suplente que seja cônjuge, parente e consanguíneos ou afim, até o segundo grau ou por adoção do titular e dá outras providências.";;;;;;;;;;;
5120;130702;"14:00:00";"Sim";"PLS";105;2011;;"Votação do Projeto de Lei do Senado de nº 105/2011(Complementar)";" que altera a Lei Complementar nº 123/2006 (Inclui serviços de advocacia no Simples Nacional).";;;;;;;;;;
5122;130702;"14:00:00";"Sim";"PEC";6;2012;;"Votação da emenda º 2 (Substitutivo) a Proposta de Emenda à Constituição nº 6/2012 (1º Turno).";;;;;;;;;;;
5123;130702;"14:00:00";"Sim";"PEC";6;2012;;"Votação do Substitutivo à Proposta de Emenda à Constituição nº 6/2012 (2º Turno).";;;;;;;;;;;
5124;130702;"14:00:00";"Não";"PEC";6;2012;;"Votação da alínea ""B"" do inciso I do art. 37 do substitutivo a PEC nº 6/2012";;;;;;;;;;;
5120;130702;"14:00:00";"Sim";"PLS";105;2011;;"Votação do Projeto de Lei do Senado de nº 105/2011(Complementar)";" que altera a Lei Complementar nº 123/2006 (Inclui serviços de advocacia no Simples Nacional).";;;;;;;;;;
5122;130702;"14:00:00";" Sim";"PEC";6;2012;;"Votação da emenda º 2 (Substitutivo) a Proposta de Emenda à Constituição nº 6/2012 (1º Turno).";;;;;;;;;;;
5123;130702;"14:00:00";" Sim";"PEC";6;2012;;"Votação do Substitutivo à Proposta de Emenda à Constituição nº 6/2012 (2º Turno).";;;;;;;;;;;
5124;130702;"14:00:00";" Não";"PEC";6;2012;;"Votação da alínea ""B"" do inciso I do art. 37 do substitutivo a PEC nº 6/2012";;;;;;;;;;;
5137;130709;"14:00:00";" Sim";"PEC";37;2011;;"Votacação da Proposta de Emenda à Constituição nº 37, de 2011, que altera os arts. 46 e 56 da Constituição Federal, para reduzir de dois para um o número de suplentes de Senador;vedar a eleição de suplente que seja cônjuge, parente e consanguíneos ou afim, até o segundo grau ou por adoção do titular e dá outras providências.";;;;;;;;;;;
5141;130710;"14:00:00";" Sim";"PEC";3;2011;;"Proposta de Emenda à Constituição nº 3";" de 2011(1º turno)";;;;;;;;;;
5142;130710;"14:00:00";" Não";"PEC";3;2011;;"Parágrafo 3º do art. 2º da PEC nº 3/2011.";;;;;;;;;;;
5143;130710;"14:00:00";" Sim";"PEC";3;2011;;"Emendas nºs 1 a 5";" 8 e 9 - CCJ e 10 - PLEN a PEC nº 3/2011.";;;;;;;;;;
5144;130710;"14:00:00";" Não";"PEC";3;2011;;"Emendas nºs 6 e 7 CCJ a PEC nº 3/2011.";;;;;;;;;;;
5145;130710;"14:00:00";" Sim";"PEC";3;2011;;"Proposta de Emenda à Constituição nº 3/2011 (2º turno)";;;;;;;;;;;
5138;130710;"14:00:00";" Sim";"PRS";39;2013;;"Projeto de Resolução nº 39";" de 2013 (verificação)";;;;;;;;;;
5139;130710;"14:00:00";" Sim";"PEC";11;2003;;"Emenda 2 (Substitutivo) a PEC 11/2003 (1º Truno)";;;;;;;;;;;
5140;130710;"14:00:00";" Sim";"PEC";11;2003;;"Emenda nº 2 (Substitutivo) a PEC nº 11/2003 (2º turno)";;;;;;;;;;;
5146;130711;"14:00:00";" Sim";"PLS";224;2013;;"Projeto de Lei do Senado nº 224 de 2013 (Complementar)";;;;;;;;;;;
5147;130711;"14:00:00";" Sim";"PLS";224;2013;;"Emendas de parecer favorável ao PLS nº 224/2013 (Complementar)";;;;;;;;;;;
5148;130711;"14:00:00";" Não";"PLS";224;2013;;"Emendas de parecer contrário ao PLS nº 224/2013 (Complementar)";;;;;;;;;;;
5152;130806;"14:00:00";" Sim";"PEC";53;2011;;"Votação";" em 1º turno";" da Emenda nº 3 (Subst.) à Proposta de Emenda à Constituição nº 53";" de 2011 (Texto Consolidado).";;;;;;;;
5153;130806;"14:00:00";" Sim";"PEC";53;2011;;"Votação";" em 2º turno";" da Proposta de Emenda à Constituição nº 53";" de 2011 (Substitutivo).";;;;;;;;
5154;130807;"14:00:00";" Sim";"PEC";122;2011;;"Votação da emenda nº 1 -CCJ (substitutivo) a PEC nº 122/2011(1º turno)";" que altera a redação do inciso VIII do § 3 do art. 142 da Constituição Federal para estender aos profissionais de saúde das Forças Armadas a possibilidade de cumulação de cargo a que se refere o art. 37";" inciso XVI";" alínea C";" da Constituição.";;;;;;;
5155;130807;"14:00:00";" Sim";"PEC";122;2011;;"Votação da emenda nº 2 -PLEN a PEC nº 122/2011 (1º turno), que altera a redação do inciso VIII do § 3 do art. 142, da Constituição Federal, para estender aos profissionais de saúde das Forças Armadas a possibilidade de cumulação de cargo a que se refere o art. 37, inciso XVI, alínea ""C"", da Constituição.";;;;;;;;;;;
5156;130807;"14:00:00";" Sim";"PEC";122;2011;;"Votação do Substitutivo Consolidado a PEC nº 122/2011 (2º turno), que altera a redação do inciso VIII do § 3 do art. 142 da Constituição Federal, para estender aos profissionais de saúde das Forças Armadas a possibilidade de cumulação de cargo a que se refere o art. 37, inciso XVI, alínea ""C"" da Constituição.";;;;;;;;;;;
5157;130807;"14:00:00";" Sim";"PLS";410;2012;;"Votação do Projeto de Lei do Senado nº 410 de 2012 (Complementar) que altera a Lei Complementar nº 94";" de 1998";" que autoriza o poder executivo a criar a Região Integrada de Desenvolvimento do Distrito Federal e Entorno - RIDE e institui o programa esepcial de desenvolvimento do Distrito Federal.";;;;;;;;;
5158;130807;"14:00:00";" Sim";"PLS";410;2012;;"Votação da emenda nº 1 CDR e emenda nº 2 Plenário com submenda ao PLS nº 410/2012 (Complementar).";;;;;;;;;;;
5173;130911;"14:00:00";" Sim";"PEC";18;2013;;"Votação da Emenda nº 1-CCJ (Substitutivo) à PEC nº 18";" de 2013 (1º turno).";;;;;;;;;;
5174;130911;"14:00:00";" Sim";"PEC";18;2013;;"Votação da Emenda nº 1-CCJ (Substitutivo) à PEC nº 18";" de 2013 (2º turno).";;;;;;;;;;
5175;130911;"14:00:00";" Não";"PEC";123;2011;;"Votação da PEC nº 123";" de 2011 (1º turno).";;;;;;;;;;
5180;130924;"14:00:00";" Sim";"PEC";123;2011;;"Votação das Emendas nº 1 - CCJ e nº 3 - Plenário, à PEC 123/2011 (1º turno), que acrescenta a alínea ""e"" ao inciso VI do art. 150 da Constituição Federal, instituindo imunidade tributária sobre os fonogramas e videofonogramas musicais produzidos no Brasil, contendo obras musicais ou literomusicais de autores brasileiros e/ou...";;;;;;;;;;;
5181;130924;"14:00:00";" Sim";"PEC";123;2011;;"Votação da Emenda nº 2 - Plenário à PEC 123/2011 (Parecer contrário), que acrescenta a alínea ""e"" ao inciso VI do art. 150 da Constituição Federal, instituindo imunidade tributária sobre os fonogramas e videofonogramas musicais produzidos no Brasil contendo obras musicais ou literomusicais de autores brasileiros e/ou...";;;;;;;;;;;
5182;130924;"14:00:00";" Não";"PEC";123;2011;;"Votação da Proposta de Emenda à Constituição nº123/2011 (2º turno), que acrescenta a alínea ""e"" ao inciso VI do art. 150 da Constituição Federal, instituindo imunidade tributária sobre os fonogramas e videofonogramas musicais produzidos no Brasil contendo obras musicais ou literomusicais de autores brasileiros e/ou...";;;;;;;;;;;
5198;131016;"14:00:00";" Não";"PLV";26;2013;;"Votação do RQS nº 1215";" de 2013 (verificação).";;;;;;;;;;
5194;131016;"14:00:00";" Sim";"SCD";98;2002;;"Votação do Substitutivo da Câmara ao PLS nº 98 de 2002 - Complementar, que ""dispõe sobre o procedimento para a criação, a incorporação, a fusão e o desmembramento de Municípios"".";;;;;;;;;;;
5196;131016;"14:00:00";" Sim";"SCD";98;2002;;"Votação do inciso VI do art. 13 do PLS nº 98, de 2002 - Complementar, que ""dispõe sobre o procedimento para a criação, a incorporação, a fusão e o desmembramento de Municípios.";;;;;;;;;;;
5197;131016;"14:00:00";" Não";"SCD";98;2002;;"Votação do inciso IV do art. 13 do PLS nº 98, de 2002 - Complementar, que ""dispõe sobre o procedimento para a criação, a incorporação, a fusão e o desmembramento de Municípios.";;;;;;;;;;;
5201;131023;"14:00:00";" Sim";"PDS";85;2013;;"Votação do Requerimento nº 1243 de 2013";" que solicita adiamento de discussão do Projeto de Decreto Legislativo nº 85 de 2013para exame da Comissão de Desenvolvimento Regional e Turismo.";;;;;;;;;;
5202;131023;"14:00:00";" Não";"PDS";85;2013;;"Votação do Projeto de Decreto Legislativo nº 85 de 2013 (verificação), que ""susta os efeitos da resolução administrativa expedida pelo Tribunal Superior Eleitoral nos autos da Petição nº. 9.495/AM, que redefine o número de Deputados Federais, Estaduais e Distritais"".";;;;;;;;;;;
5203;131105;"14:00:00";"Sim";"PEC";"0022A";2000;;"Votação da Emenda nº 1 da CCJ à PEC nº 22A/2000 (SUBSTITUTIVO), que altera os arts. 165 e 166 da Constituição Federal e acrescenta os arts. 35 - A e 35 - B ao ADCT, tornando obrigatória a execução da programação orçamentária que especifica.";;;;;;;;;;;
5204;131106;"14:00:00";"Não";"PEC";"0022A";2000;;"Emendas 3, 5, 6, 7, 8 e 10- PLEN à PEC 22A/2000";;;;;;;;;;;
5205;131106;"14:00:00";"Sim";"PEC";"0022A";2000;;"Subemenda CCJ à Emenda 2 - PLEN e emenda 9 - PLEN à PEC 22A/2000";;;;;;;;;;;
5206;131106;"14:00:00";"Não";"PEC";"0022A";2000;;"Requerimento nº 1288, de 2013, que solicita destaque da Emenda nº 4 - PLEN da PEC 22A/2000
      ";;;;;;;;;;;
5207;131106;"14:00:00";"Sim";"PEC";"0022A";2000;;"Requerimento nº 1294, de 2013, que solicita a votação em globo dos Requerimentos nº 1284 a 1293, de 2013.";;;;;;;;;;;
5208;131112;"14:00:00";"Não";"PEC";"0022A";2000;;"Votação da Emenda 4 - Plenário à PEC nº 22A, de 2000, em primeiro turno.";;;;;;;;;;;
5209;131112;"14:00:00";"Sim";"PEC";"0022A";2000;;"Votação do Substitutivo Consolidado à PEC nº 22A, de 2000, em segundo turno.";;;;;;;;;;;
5210;131113;"14:00:00";"Sim";"PEC";43;2013;;"Requerimento nº 1333, de 2013 (Verificação)";;;;;;;;;;;
5211;131113;"14:00:00";"Sim";"PEC";43;2013;;"Proposta de Emenda à Constituição nº 43/2013 (1º turno)";;;;;;;;;;;
5212;131113;"14:00:00";"Sim";"PEC";43;2013;;"Emendas nºs 2 e 3 - PLEN à PEC 43/2013 (1º turno)";;;;;;;;;;;
5222;131127;"14:00:00";"Não";"PLS";386;2012;;"Emendas Parecer Contrário ao Substitutivo ao PLS nº 386, de 2012 - Complementar";;;;;;;;;;;
5220;131127;"14:00:00";"Sim";"PLS";386;2012;;"Votação do Substituivo da CAE ao Projeto de Lei do Senado nº 386 de 2012 - Complementar.";;;;;;;;;;;
5221;131127;"14:00:00";"Sim";"PLS";386;2012;;"Votação das emendas nºs 6 e 7 ao Substitutivo ao Projeto de Lei do Senado nº 386 de 2012 - Complementar.";;;;;;;;;;;
5216;131126;"14:00:00";"Sim";"PEC";43;2013;;"Requerimento nº 1336, de 2013. (Verificação)";;;;;;;;;;;
5217;131126;"14:00:00";"Sim";"PEC";43;2013;;"Proposta de Emenda à Constituição nº 43, de 2013 (2º turno), acrescenta os §§ 1º e 2º ao art. 47 e dá nova redação aos incisos III, IV e XI do art. 52, ao § 2º do art. 55 e ao §4º do art. 66 da Constituição Federal, abaolindo a votação secreta do âmbito do Poder Legislativo.";;;;;;;;;;;
5219;131126;"14:00:00";"Não";"PEC";43;2013;;"Art. 52 da CF/88 constante do art. 1º da PEC 43/2013 (2º turno).";;;;;;;;;;;
5241;131217;"14:00:00";"Sim";"PLC";103;2012;;"Votação do Requerimento nº 1482, de 2013, de preferência à Emenda nº 4-Plenário (PLC nº 103, de 2012).";;;;;;;;;;;
"5252";"140326";"14:00:00";"Não";"PEC";"00034";"2013";"Altera os incisos XIX e XX do art. 37 e o art. 88 da Constituição Federal, para determinar que a criação e extinção de órgãos, Ministérios ou entidades da Administração Pública seja feita mediante lei complementar.";"Proposta de Emenda à Constituição nº 34, de 2013 (1º turno) - que altera os incisos XIX e XX do art. 37 e o art. 88 da Constituição Federal, para determinar que a criação e extinção de órgãos, ministérios ou entidades da administração pública seja feita mediante Lei Complementar.";"Altera a redação dos incisos XIX e XX do art. 37 e o art. 88 da Constituição Fedral, para determinar que a criação e a extinção de órgãos, Ministérios e entidades da Administração Pública seja feita por lei complementar.";;;;;;;;;;
"5251";"140326";"14:00:00";"Sim";"PEC";"00035";"2011";"Revoga o inciso I do art. 49, acrescenta inciso ao art. 52 e altera a redação do inciso VIII do art. 84 da Constituição Federal, a fim de tornar privativa do Senado Federal a competência para decidir sobre tratados, acordos ou atos internacionais.";"Emenda 1 - CCJ à PEC 35, de 2011 (substitutivo) - 1º turno.";"Revoga o inciso I do art. 49 e acrescenta o inciso XVI ao art. 52 da Constituição Federal, para transferir, das duas Casas do Congresso Nacional para o Senado Federal, a competência para resolver sobre tratados, acordos ou atos internacionais; Altera, em consequência, a redação do inciso VIII do art. 84, que atribui ao Presidente da República a atribuição de celebrar tratados, convenções e atos internacionais, que passam a ser sujeitos a referendo do Senado Federal.
      
      ";;;;;;;;;;
"5250";"140326";"14:00:00";"Sim";"PLS";"00222";"2013";"Estabelece normas gerais sobre o processo administrativo fiscal, no âmbito das administrações tributárias da União, dos Estados, do Distrito Federal e dos Municípios.";"Emendas nºs 3, 4, 5 e 6 - PLEN ao PLS nº 222, de 2013 - Complementar - que autoriza o Poder Executivo a criar a mesorregião metade sul do Estado do Rio Grande do Sul.";"Assegura aos litigantes em processo administrativo fiscal o contraditório e a ampla defesa, com os meios e recursos a ela inerentes e à observância do devido processo legal; define os recursos postos à disposição dos litigantes; os prazos para prática de atos processuais; o tratamento a ser dispensado às decisões definitivas dos órgãos julgadores; as vedações e prerrogativas dos membros dos órgãos julgadores; e adoção de súmulas vinculantes. Estabelece que a União, os Estados, o Distrito Federal e os Municípios adaptarão a sua legislação específica ao disposto na Lei Complementar no prazo máximo de um ano, contados a partir da data da publicação.
      ";;;;;;;;;;
"5248";"140326";"14:00:00";"Sim";"PLS";"00222";"2013";"Estabelece normas gerais sobre o processo administrativo fiscal, no âmbito das administrações tributárias da União, dos Estados, do Distrito Federal e dos Municípios.";"Emenda 1 CCJ e subemenda à emenda 7 ao PLS nº 222, de 2013 - Complementar - Que autoriza o Poder Executivo a criar a mesorregião metade sul do Estado do Rio Grande do Sul.";"Assegura aos litigantes em processo administrativo fiscal o contraditório e a ampla defesa, com os meios e recursos a ela inerentes e à observância do devido processo legal; define os recursos postos à disposição dos litigantes; os prazos para prática de atos processuais; o tratamento a ser dispensado às decisões definitivas dos órgãos julgadores; as vedações e prerrogativas dos membros dos órgãos julgadores; e adoção de súmulas vinculantes. Estabelece que a União, os Estados, o Distrito Federal e os Municípios adaptarão a sua legislação específica ao disposto na Lei Complementar no prazo máximo de um ano, contados a partir da data da publicação.
      ";;;;;;;;;;
"5249";"140326";"14:00:00";"Sim";"PLS";"00222";"2013";"Estabelece normas gerais sobre o processo administrativo fiscal, no âmbito das administrações tributárias da União, dos Estados, do Distrito Federal e dos Municípios.";"Projeto de Lei do Senado nº 222, de 2013 - Complementar - Estabelece normas gerais sobre o processo administrativo fiscal, no âmbito das administrações tributárias da União, dos Estados, do Distrito Federal e dos Municípios (assegura o contraditório e a ampla defesa em processo administrativo fiscal).";"Assegura aos litigantes em processo administrativo fiscal o contraditório e a ampla defesa, com os meios e recursos a ela inerentes e à observância do devido processo legal; define os recursos postos à disposição dos litigantes; os prazos para prática de atos processuais; o tratamento a ser dispensado às decisões definitivas dos órgãos julgadores; as vedações e prerrogativas dos membros dos órgãos julgadores; e adoção de súmulas vinculantes. Estabelece que a União, os Estados, o Distrito Federal e os Municípios adaptarão a sua legislação específica ao disposto na Lei Complementar no prazo máximo de um ano, contados a partir da data da publicação.
      ";;;;;;;;;;
