"ID_VOTACAO";"DATA";"HORA";"ORIENTACAO_GOVERNO";"TIPO";"NUMERO";"ANO";"EMENTA";"O_QUE_FOI_VOTADO";"LINGUAGEM_COMUM"
4795;110208;"14:00:00";"SIM";"PLV";15;2010;"Dispõe sobre a prestação de auxílio financeiro pela União aos Estados, ao Distrito Federal e aos Municípios, no exercício de 2010, com o objetivo de fomentar as exportações do País; altera as Leis nºs 12.087, de 11 de novembro de 2009, 10.260, de 12 de julho de 2001, 10.406, de 10 de janeiro de 2002 - Código Civil Brasileiro, 8.685, de 20 de julho de 1993, 11.941, de 27 de maio de 2009, 12.249, de 11 de junho de 2010, 3.890-A, de 25 de abril de 1961, 10.848, de 15 de março de 2004, e 12.111, de 9 de dezembro de 2009, a Medida Provisória nº 2.228-1, de 6 de setembro de 2001; modifica condições para a concessão da subvenção em operações de financiamento de que trata o art. 1º da Lei nº 12.096, de 24 de novembro de 2009; revoga dispositivos das Leis nºs 8.162, de 8 de janeiro de 1991, e 12.096, de 24 de novembro de 2009; e dá outras providências.";"Votação do art. 10 do PLV nº 15, de 2010(MP 501/2010).";
4806;110223;"14:00:00";"NAO";"PLC";1;2011;"Dispõe sobre o valor do salário mínimo em 2011 e a sua política de valorização de longo prazo; disciplina a representação fiscal para fins penais nos casos em que houve parcelamento do crédito tributário; altera a Lei nº 9.430, de 27 de dezembro de 1996; e revoga a Lei nº 12.255, de 15 de junho de 2010.";"Votação da Emenda nº 1, ao Projeto de Lei da Câmara nº 1, de 2011.";
4807;110223;"14:00:00";"NAO";"PLC";1;2011;"Dispõe sobre o valor do salário mínimo em 2011 e a sua política de valorização de longo prazo; disciplina a representação fiscal para fins penais nos casos em que houve parcelamento do crédito tributário; altera a Lei nº 9.430, de 27 de dezembro de 1996; e revoga a Lei nº 12.255, de 15 de junho de 2010.";"Votação da Emenda nº 3, ao Projeto de Lei da Câmara nº 1, de 2011.";
4808;110223;"14:00:00";"NAO";"PLC";1;2011;"Dispõe sobre o valor do salário mínimo em 2011 e a sua política de valorização de longo prazo; disciplina a representação fiscal para fins penais nos casos em que houve parcelamento do crédito tributário; altera a Lei nº 9.430, de 27 de dezembro de 1996; e revoga a Lei nº 12.255, de 15 de junho de 2010.";"Votação da Emenda nº 5, ao Projeto de Lei da Câmara nº 1, de 2011.";
4811;110301;"14:00:00";"SIM";"PLV";2;2011;"Ratifica o Protocolo de Intenções firmado entre a União, o Estado do Rio de Janeiro e o Município do Rio de Janeiro, com a finalidade de constituir consórcio público, denominado Autoridade Pública Olímpica - APO.";"Votação dos pressupostos constitucionais de relevância, urgência e adequação financeira e orçamentária da Medida Provisória nº 503, de 2010 (verificação).";
4812;110301;"14:00:00";"SIM";"PLV";2;2011;"Ratifica o Protocolo de Intenções firmado entre a União, o Estado do Rio de Janeiro e o Município do Rio de Janeiro, com a finalidade de constituir consórcio público, denominado Autoridade Pública Olímpica - APO.";"Votação do Projeto de Lei de Conversão nº 2, de 2011 -MP 503/2010- ( Verificação)";
4813;110301;"14:00:00";"SIM";"PLV";3;2011;"Constitui fonte de recursos adicional ao Banco Nacional de Desenvolvimento Econômico e Social - BNDES; e altera a Relação Descritiva constante do Anexo da Lei nº 5.917, de 10 de setembro de 1973.";"Votação do Projeto de Lei de Conversão nº 3, de 2011 -MP 505/2010- ( Verificação)";
4820;110405;"14:00:00";"SIM";"PLV";6;2011;"Regula o cumprimento de obrigações tributárias por consórcios que realizarem contratações de pessoas jurídicas  e físicas ; acresce dispositivos à Lei nº 10.168, de 29 de dezembro de 2000, que institui contribuição de intervenção de domínio econômico destinada a financiar o Programa de Estímulo à Interação Universidade - Empresa para o Apoio à Inovação; altera as leis nºs 12.249, de 11 de junho de 2010, e 9.532, de 10 de dezembro de 1997, e o Decreto-lei nº 1.593, de 21 de dezembro de 1977; e dá outras providências.";"Votação dos pressupostos de relevância e urgência e adequação financeira e orçamentária da MP nº 510, de 2010 (verificação)";
4823;110413;"14:00:00";"SIM";"PLV";7;2011;"Autoriza a criação da Empresa de Transporte Ferroviário de Alta Velocidade S.A. - ETAV; estabelece medidas voltadas a assegurar a sustentabilidade econômico-financeira do Banco  Nacional de Desenvolvimento Econômico e Social - BNDES; dispõe sobre a autorização para garantia do financiamento do Trem de Alta Velocidade - TAV, no trecho entre os Municípios do Rio de Janeiro - RJ e Campinas - SP; e dá outras providências.";"Votação quanto aos pressupostos constitucionais de relevância, urgência e adequação financeira e orçamentária da Medida Provisória nº 511, de 2010.";
4844;110524;"14:00:00";"SIM";"MPV";515;2010;"Abre crédito extraordinário em favor da Justiça do Trabalho e de diversos órgãos do Poder Executivo, no valor global de R$ 26.673.264.196,00, para os fins que especifica.";"Votação da Medida Provisória nº 515, de 2010 (Verificação) - Abre crédito extraordinário em favor da justiça do trabalho e de diversos órgãos do Poder Executivo, no valor global de vinte e seis bilhões, seiscentos e setenta  e três milhões, duzentos e sessenta e quatro mil e cento e noventa e seis reais.";
4848;110601;"14:00:00";"NAO";"PLV";13;2011;"Dispõe sobre a incidência do imposto sobre a renda nas operações que especifica; altera as Leis nºs 11.478, de 29 de maio de 2007, 6.404, de 15 de dezembro de 1976, 9.430, de 27 de dezembro de 1996, 12.350, de 20 de dezembro de 2010, 11.196, de 21 de novembro de 2005, 8.248, de 23 de outubro de 1991, 9.648, de 27 de maio de 1998, 11.943, de 28 de maio de 2009, 9.808, de 20 de julho de 1999, 10.260, de 12 de julho de 2001, 11.096, de 13 de janeiro de 2005, 11.180, de 23 de setembro de 2005, 11.128, de 28 de junho de 2005, 11.909, de 4 de março de 2009, 11.371, de 28 de novembro de 2006, 12.249, de 11 de junho de 2010, 10.150, de 21 de dezembro de 2000, 10.312, de 27 de novembro de 2001, e 12.058, 13 de outubro de 2009, e o Decreto-Lei nº 288, de 28 de fevereiro de 1967; institui o Regime Especial de Incentivos para o Desenvolvimento de Usinas Nucleares - RENUCLEAR; dispõe sobre medidas tributárias relacionadas ao Plano Nacional de Banda Larga; altera a legislação relativa à isenção do Adicional ao Frete para Renovação da Marinha Mercante - AFRMM; dispõe sobre a extinção do Fundo Nacional de Desenvolvimento; e dá outras providências.";"Votação do  Requerimento nº 638, de 2011, de autoria do Senador Alvaro Dias, solicitando destaque para votação em separado da Emenda nº 49.";
4850;110601;"14:00:00";"SIM";"PLV";14;2011;"Autoriza o Poder Executivo a criar a empresa pública denominada Empresa Brasileira de Serviços Hospitalares - EBSERH; altera a Lei nº 12.101, de 27 de novembro de 2009; e dá outras providências.";"Votação quanto aos pressupostos constitucionais de relevância, urgência e adequação financeira e orçamentária da MPV nº 520, de 2010 (Verificação).";
4856;110614;"14:00:00";"SIM";"MPV";525;2011;"Altera a Lei no 8.745, de 9 de dezembro de 1993, no tocante à contratação de professores.";"Votação quanto aos pressupostos constitucionais de relevância, urgência e adequação financeira e orçamentária da Medida Provisória nº 525, de 2011.";
4857;110614;"14:00:00";"SIM";"MPV";525;2011;"Altera a Lei no 8.745, de 9 de dezembro de 1993, no tocante à contratação de professores.";"Votação da Medida Provisória nº 525, de 2011";
4862;110629;"14:00:00";"SIM";"PLV";16;2011;"Constitui fonte de recursos adicional ao Banco Nacional de Desenvolvimento Econômico e Social - BNDES; altera as Leis nºs 12.096, de 24 de novembro de 2009; 12.409, de 25 de maio de 2011, 10.841, de 18 de fevereiro de 2004, e 12.101, de 27 de novembro de 2009; dispõe sobre medidas de suspensão temporária de exigências de regularidade fiscal; revoga dispositivo da Lei nº 12.385, de 3 de março de 2011; e dá outras providências.";"Votação dos Pressupostos Constitucionais de Relevância, Urgência e Adequação Financeira e Orçamentária da Medida Provisória nº 526, de 2011.";
4878;110706;"14:00:00";"SIM";"PLV";17;2011;"Institui o Regime Diferenciado de Contratações Públicas - RDC; altera a Lei no 10.683, de 28 de maio de 2003, que dispõe sobre a organização da Presidência da República e dos Ministérios, a legislação da Agência Nacional de Aviação Civil - ANAC e a legislação da Empresa Brasileira de Infraestrutura Aeroportuária - INFRAERO; cria a Secretaria de Aviação Civil, cargos de Ministro de Estado, cargos em comissão e cargos de Controlador de Tráfego Aéreo; autoriza a contratação de controladores de tráfego aéreo temporários; altera as Leis nºs 11.182, de 27 de setembro de 2005, 5.862, de 12 de dezembro de 1972, 8.399, de 7 de janeiro de 1992, 11.526, de 4 de outubro de 2007, 11.458, de 19 de março de 2007, e 12.350, de 20 de dezembro de 2010, e a Medida Provisória nº 2.185-35, de 24 de agosto de 2001; e revoga dispositivos da Lei nº 9.649, de 27 de maio de 1998.";"Votação dos Pressupostos de Relevância e Urgência da MP nº 527, de 2011";
4879;110706;"14:00:00";"SIM";"PLV";17;2011;"Institui o Regime Diferenciado de Contratações Públicas - RDC; altera a Lei no 10.683, de 28 de maio de 2003, que dispõe sobre a organização da Presidência da República e dos Ministérios, a legislação da Agência Nacional de Aviação Civil - ANAC e a legislação da Empresa Brasileira de Infraestrutura Aeroportuária - INFRAERO; cria a Secretaria de Aviação Civil, cargos de Ministro de Estado, cargos em comissão e cargos de Controlador de Tráfego Aéreo; autoriza a contratação de controladores de tráfego aéreo temporários; altera as Leis nºs 11.182, de 27 de setembro de 2005, 5.862, de 12 de dezembro de 1972, 8.399, de 7 de janeiro de 1992, 11.526, de 4 de outubro de 2007, 11.458, de 19 de março de 2007, e 12.350, de 20 de dezembro de 2010, e a Medida Provisória nº 2.185-35, de 24 de agosto de 2001; e revoga dispositivos da Lei nº 9.649, de 27 de maio de 1998.";"Votação do Projeto de Lei de Conversão nº 17, de 2011";
4881;110803;"14:00:00";"NAO";"PLV";18;2011;"Altera os valores constantes da tabela do Imposto sobre a Renda da Pessoa Física e altera as Leis nºs 11.482, de 31 de maio de 2007, 7.713, de 22 de dezembro de 1988, 9.250, de 26 de dezembro de 1995, 9.656, de 3 de junho de 1998, e 10.480, de 2 de julho de 2002.";"Votação da Emenda nº 51, a Medida Provisória 528 (verificação) - PLV 18/2011";
4883;110816;"14:00:00";"NAO";"PLC";116;2010;"Dispõe sobre a comunicação audiovisual de acesso condicionado; altera a Medida Provisória nº 2.228-1, de 6 de setembro de 2001, e as Leis nºs 11.437, de 28 de dezembro de 2006, 5.070, de 7 de julho de 1966, 8.977, de 6 de janeiro de 1995, e 9.472, de 16 de julho de 1997; e dá outras providências.";"Votação da Emenda 16/PLEN ao PLC 116/2010.";
4884;110816;"14:00:00";"SIM";"PEC";11;2011;"Altera o procedimento de apreciação das medidas provisórias pelo Congresso Nacional.";"Votação da Subemenda nº 1-CCJ às Emendas 2, 3 e 5-PLEN à PEC nº 11/2011 (1º Turno).";
4895;110817;"17:13:00";"SIM";"PEC";11;2011;"Altera o procedimento de apreciação das medidas provisórias pelo Congresso Nacional.";"Votação da subemenda nº 1-CCJ à PEC nº 11, de 2011 (2º turno).";
4912;110831;"14:00:00";"SIM";"PLV";21;2011;"Altera as Leis nºs 9.478, de 6 de agosto de 1997, e 9.847, de 26 de outubro de de 1999, que dispõem sobre a política e a fiscalização das atividades relativas ao abastecimento nacional de combustíveis; altera o § 1º do art. 9o da Lei nº 8.723, de 28 de outubro de 1993, que dispõe sobre a redução de emissão de poluentes por veículos automotores, as Leis nºs 10.336, de 19 de dezembro de 2001, e 12.249, de 11 de junho de 2010, o Decreto-Lei no 509, de 20 de março de 1969, que dispõe sobre a transformação do Departamento dos Correios e Telégrafos em empresa pública; a Lei nº 10.683, de 28 de maio de 2003, que dispõe sobre a Organização da Presidência da República e dos Ministérios; e dá outras providências.";"Votação dos Pressupostos de Relevância e Urgência e Adequação Financeira e Orçamentária da Medida Provisória nº 532, de 2011.";
4924;111005;"14:00:00";"SIM";"PLV";25;2011;"Dá nova redação ao art. 4º da Lei nº 6.932, de 7 de julho de 1981, que dispõe sobre as atividades do médico-residente; e trata das contribuições devidas aos conselhos profissionais em geral.";"votação dos pressupostos constitucionais de relevância e urgência e adequação financeira e orçamentária da Medida Provisória 536, de 2011.";
4933;111116;"14:00:00";"SIM";"PLV";26;2011;"Autoriza o Conselho Monetário Nacional, para fins da política monetária e cambial, a estabelecer condições específicas para negociação de contratos de derivativos; altera os arts. 2º e 3º da Lei nº 6.385, de 7 de dezembro de 1976, o art. 3º do Decreto-Lei nº 1.783, de 18 de abril de 1980, os arts. 1º e 2º da Lei nº 8.894, de 21 de junho de 1994, e a Lei nº 10.931, de 2 de agosto de 2004; e dá outras providências.";"Votação do Projeto de Lei de Conversão nº 26, de 2011 (MPV 539/2011) (Verificação)";
4932;111122;"14:00:00";"NAO";"PLV";29;2011;"Institui o Regime Especial de Reintegração de Valores Tributários para as Empresas Exportadoras - REINTEGRA; dispõe sobre a redução do Imposto sobre Produtos Industrializados - IPI à indústria automotiva; altera a incidência das contribuições previdenciárias devidas pelas empresas que  menciona; altera as Leis nºs 11.774, de 17 de setembro de 2008, 11.033, de 21 de dezembro de 2004, 11.196, de 21 de novembro de 2005, 10.865, de 30 de abril de 2004, 11.508, de 20 de julho de 2007, 7.291, de 19 de dezembro de 1984, 11.491, de 20 de junho de 2007, 9.782, de 26 de janeiro de 1999, 9.294, de 15 de julho de 1996, e a Medida Provisória nº 2.199-14, de 24 de agosto de 2001; revoga dispositivo da Lei nº 11.529, de 22 de outubro de 2007, e do Decreto-Lei nº 1.593, de 21 de dezembro de 1977, nos termos que especifica; e dá outras providências.";"Votação do Requerimento nº 1392/2011 de destaque do Parágrafo 6º do art. 49 do PLV 29/2011.";
4930;111123;"14:00:00";"SIM";"PLC";79;2011;"Autoriza o Poder Executivo a criar a empresa pública denominada Empresa Brasileira de Serviços Hospitalares - EBSERH; acrescenta dispositivos ao Decreto-Lei nº 2.848, de 7 de dezembro de 1940 - Código Penal; e dá outras providências.";"votação do Projeto de Lei da Câmara nº 79, de 2011.";
4949;111124;"14:00:00";"SIM";"PEC";87;2011;"Altera o art. 76 do Ato das Disposições Constitucionais Transitórias.";"Votação do Requerimento nº 1436/2011 de inversão da pauta.";
4950;111206;"14:00:00";"SIM";"SCD";121;2007;"Regulamenta o § 3º do art. 198 da Constituição Federal para dispor sobre os valores mínimos a serem aplicados anualmente pela União, Estados, Distrito Federal e Municípios em ações e serviços públicos de saúde; institui contribuição social destinada à saúde; estabelece os critérios de rateio dos recursos de transferências para a saúde e as normas de fiscalização, avaliação e controle das despesas com saúde nas 3 (três) esferas de governo; revoga dispositivos das Leis nºs 8.080, de 19 de setembro de 1990, e 8.689, de 27 de julho de 1993; e dá outras providências.";"Votação do Requerimento nº 1484/2011 de inversão de pauta.";
4951;111206;"14:00:00";"SIM";"PLC";30;2011;"Dispõe sobre a proteção da vegetação nativa, altera as Leis nºs 6.938, de 31 de agosto de 1981, 9.393, de 19 de dezembro de 1996, e 11.428, de 22 de dezembro de 2006; revoga as Leis nºs 4.771, de 15 de setembro de 1965, e 7.754, de 14 de abril de 1989, e a Medida Provisória nº 2.166-67, de 24 de agosto de 2001; e dá outras providências.";"Votação da Emenda nº 3-CMA (Substitutivo) ao PLC 30/2011.";
4952;111207;"14:00:00";"SIM";"SCD";121;2007;"Regulamenta o § 3º do art. 198 da Constituição Federal para dispor sobre os valores mínimos a serem aplicados anualmente pela União, Estados, Distrito Federal e Municípios em ações e serviços públicos de saúde; institui contribuição social destinada à saúde; estabelece os critérios de rateio dos recursos de transferências para a saúde e as normas de fiscalização, avaliação e controle das despesas com saúde nas 3 (três) esferas de governo; revoga dispositivos das Leis nºs 8.080, de 19 de setembro de 1990, e 8.689, de 27 de julho de 1993; e dá outras providências.";"Votação do Requerimento nº 1.528, de 2011, de destaque para a votação em separado do inciso II do art. 1º, dos §§ 1º e 2º do art. 1º da Seção II, Da Contribuição Social para a Saúde, que compreende os arts. 12 a 27 do art. 62 do Substitutivo da Câmara do Projeto de Lei do Senado nº 121, de 2007.";
4953;111207;"14:00:00";"NAO";"SCD";121;2007;"Regulamenta o § 3º do art. 198 da Constituição Federal para dispor sobre os valores mínimos a serem aplicados anualmente pela União, Estados, Distrito Federal e Municípios em ações e serviços públicos de saúde; institui contribuição social destinada à saúde; estabelece os critérios de rateio dos recursos de transferências para a saúde e as normas de fiscalização, avaliação e controle das despesas com saúde nas 3 (três) esferas de governo; revoga dispositivos das Leis nºs 8.080, de 19 de setembro de 1990, e 8.689, de 27 de julho de 1993; e dá outras providências.";"Votação do Requerimento nº 1.529, de 2011, de destaque para a votação, em separado, do art. 5º e seus parágrafos do Substitutivo da Câmara ao Projeto de Lei do Senado nº 121, de 2007, complementar, restabelecendo o texto aprovado pelo Senado Federal e encaminhado à Câmara dos Deputados.";
4954;111207;"14:00:00";"SIM";"SCD";121;2007;"Regulamenta o § 3º do art. 198 da Constituição Federal para dispor sobre os valores mínimos a serem aplicados anualmente pela União, Estados, Distrito Federal e Municípios em ações e serviços públicos de saúde; institui contribuição social destinada à saúde; estabelece os critérios de rateio dos recursos de transferências para a saúde e as normas de fiscalização, avaliação e controle das despesas com saúde nas 3 (três) esferas de governo; revoga dispositivos das Leis nºs 8.080, de 19 de setembro de 1990, e 8.689, de 27 de julho de 1993; e dá outras providências.";"Votação dos dispositivos do Parecer favorável ao Substitutivo da Câmara ao PLS 121, de 2007-Complementar.";
4955;111207;"14:00:00";"NAO";"SCD";121;2007;"Regulamenta o § 3º do art. 198 da Constituição Federal para dispor sobre os valores mínimos a serem aplicados anualmente pela União, Estados, Distrito Federal e Municípios em ações e serviços públicos de saúde; institui contribuição social destinada à saúde; estabelece os critérios de rateio dos recursos de transferências para a saúde e as normas de fiscalização, avaliação e controle das despesas com saúde nas 3 (três) esferas de governo; revoga dispositivos das Leis nºs 8.080, de 19 de setembro de 1990, e 8.689, de 27 de julho de 1993; e dá outras providências.";"Votação do inciso II, art. 1º, §§ 1º e 2º do art. 1º, compreendendo arts 12 a 27 e 62 do Substitutivo.";
4956;111207;"14:00:00";"NAO";"SCD";121;2007;"Regulamenta o § 3º do art. 198 da Constituição Federal para dispor sobre os valores mínimos a serem aplicados anualmente pela União, Estados, Distrito Federal e Municípios em ações e serviços públicos de saúde; institui contribuição social destinada à saúde; estabelece os critérios de rateio dos recursos de transferências para a saúde e as normas de fiscalização, avaliação e controle das despesas com saúde nas 3 (três) esferas de governo; revoga dispositivos das Leis nºs 8.080, de 19 de setembro de 1990, e 8.689, de 27 de julho de 1993; e dá outras providências.";"Votação dos §§2º e 3º do art. 6º do Substitutivo da CD ao PLS 121/2007-COmplementar (Parecer contrário).";
4957;111208;"14:00:00";"SIM";"PEC";114;2011;"Altera o art. 76 do Ato das Disposições Constitucionais Transitórias.";"Votação em 1º turno da PEC 114/2011.";
4970;120307;"14:00:00";"SIM";"MSF";151;2011;"Submete à apreciação do Senado Federal a indicação do Senhor BERNARDO JOSÉ FIGUEIREDO GONÇALVES DE OLIVEIRA para ser reconduzido ao cargo de Diretor-Geral da Agência Nacional de Transportes Terrestres – ANTT.";"Requerimento nº 116, de 2012 - Sobrestamento ao Parecer nº 74, de 2012";
4972;120320;"17:57:00";"SIM";"PEC";5;2012;"Acrescenta o art. 98 ao Ato das Disposições Constitucionais Transitórias da Constituição Federal.";"Votação da PEC 5/2012, em 1º turno.";
4973;120320;"17:57:00";"SIM";"PEC";5;2012;"Acrescenta o art. 98 ao Ato das Disposições Constitucionais Transitórias da Constituição Federal.";"Votação das Emendas nºs 1 e 2-CCJ (de redação) à PEC 5/2012 (1º turno).";
4974;120320;"18:37:00";"SIM";"PEC";5;2012;"Acrescenta o art. 98 ao Ato das Disposições Constitucionais Transitórias da Constituição Federal.";"Votação da PEC 5/2012, em 2º turno.";
4980;120403;"14:00:00";"SIM";"PLC";40;2010;"Dispõe sobre a concessão de aposentadoria especial à pessoa com deficiência filiada ao Regime Geral de Previdência Social.";"PLC nº 40, de 2010 - Emenda nº 1 CAE (substitutivo/turno único)";
4981;120403;"14:00:00";"SIM";"PLC";40;2010;"Dispõe sobre a concessão de aposentadoria especial à pessoa com deficiência filiada ao Regime Geral de Previdência Social.";"Substitutivo ao PLC nº 40, de 2010, e emenda nº 1 PLEN (turno suplementar)";
4987;120424;"14:00:00";"NAO";"PRS";72;2010;"Estabelece alíquotas do Imposto sobre Operações Relativas à Circulação de Mercadorias e sobre Prestação de Serviços de Transporte Interestadual e Intermunicipal e de Comunicação, nas operações interestaduais com bens e mercadorias importados do exterior.";"Votação do Requerimento nº 343, de 2012.";
4988;120424;"14:00:00";"SIM";"PRS";72;2010;"Estabelece alíquotas do Imposto sobre Operações Relativas à Circulação de Mercadorias e sobre Prestação de Serviços de Transporte Interestadual e Intermunicipal e de Comunicação, nas operações interestaduais com bens e mercadorias importados do exterior.";"Votação da Emenda nº 1-CAE (Substitutivo) PRS Nº 72, de 2010 (Turno único).";
4989;120424;"14:00:00";"SIM";"PRS";72;2010;"Estabelece alíquotas do Imposto sobre Operações Relativas à Circulação de Mercadorias e sobre Prestação de Serviços de Transporte Interestadual e Intermunicipal e de Comunicação, nas operações interestaduais com bens e mercadorias importados do exterior.";"Votação do Substitutivo ao PRS Nº 72, de 2010 (Turno suplementar).";
4990;120424;"14:00:00";"SIM";"PRS";72;2010;"Estabelece alíquotas do Imposto sobre Operações Relativas à Circulação de Mercadorias e sobre Prestação de Serviços de Transporte Interestadual e Intermunicipal e de Comunicação, nas operações interestaduais com bens e mercadorias importados do exterior.";"Votação da Emenda Nº 1-PLEN e Subemenda ao Substitutivo ao PRS 72/2010 (Turno Suplementar).";
4991;120425;"14:00:00";"SIM";"PLV";8;2012;"Altera dispositivos das Leis nºs 7.920, de 12 de dezembro de 1989, 8.399, de 7 de janeiro de 1992, 9.825, de 23 de agosto de 1999, 12.462, de 5 de agosto de 2011, 6.009, de 26 de dezembro de 1973, e 5.862, de 12 de dezembro de 1972; revoga o Decreto-Lei nº 1.896, de 17 de dezembro de 1981; e dá outras providências.";"Votação do Projeto de Lei de Conversão nº 8, de 2012 (MPV 551/2011).";
4992;120425;"14:00:00";"SIM";"PLV";7;2012;"Reduz a zero as alíquotas da Contribuição para o PIS/Pasep, da Contribuição para o Financiamento da Seguridade Social - COFINS, da Contribuição para o PIS/Pasep - Importação e da Cofins - Importação incidentes soabre a importação e a receita de venda no mercado interno dos produtos que menciona; altera as Leis nºs 10.865, de 30 de abril de 2004, 10.522, de 19 de julho de 2002, 8.989, de 24 de fevereiro de 1995, 5.991, de 17 de dezembro de 1973, 10.451, de 10 de maio de 2002, e 11.051, de 29 de dezembro de 2004; e revoga dispositivos das Leis nºs 10.637, de 30 de dezembro de 2002, e 10.833, de 29 de dezembro de 2003.";"Votação dos pressupostos de relevância e urgência do MPV nº 549, de 2011 (PLV nº 7, de 2012).";
4994;120509;"14:00:00";"NAO";"PLC";10;2012;"Dispõe sobre as medidas relativas à Copa das Confederações Fifa 2013 e à Copa do Mundo Fifa  2014, que serão realizadas no Brasil; e altera as Leis nºs 6.815, de 19 de agosto de 1980, e 10.671, de 15 de maio de 2003.";"Votação em globo de Requerimentos de destaque (PLC nº 10/2012)";
5012;120627;"14:00:00";"NAO";"PLV";13;2012;"Autoriza a Centrais Elétricas Brasileiras S.A. - ELETROBRAS a adquirir o controle acionário da CELG DISTRIBUIÇÃO S.A. - CELG D; institui o Programa de Estímulo à Reestrutaração e ao Fortalecimento das Instituições de Ensino Superior - PROIES; altera as Leis nº s 3.890-A, de 25 de abril de 1961, 9.178, de 27 de novembro de 1998, 10.637, de 30 de dezembro de 2002, 10.887, de 18 de junho de 2004, 10.883, de 29 de dezembro de 2003, 11.033, de 21 dezembro de 2004, 11.128, de 28 de junho de 2005, 11.651, de 7 de abril de 2008, 12.024, de 27 de agosto de 2009, 12.101, de 27 de novembro de 2009, 12.429,  de 20 de junho de 2011, 12.462, de 4 de agosto de 2011, e 12.546, de 14 de dezembro de 2011; e dá outras providências.";"Requerimentos nºs 603, 604 e 605, de 2012 - Destaque para votação em separado do art. 28 do PLV nº 13, de 2012";
5013;120704;"14:00:00";"SIM";"PEC";103;2011;"Acrescenta o inciso VIII-A ao § 2º do art. 155 da Constituição Federal, para modificar a sistemática de cobrança do imposto sobre operações relativas à circulação de mercadorias e sobre prestações de serviços de transporte interestadual e intermunicipal e de comunicação incidente sobre as operações e prestações realizadas de forma não presencial e que destinem bens e serviços a consumidor final localizado em outro Estado.";"Votação da PEC 103, de 2011, na forma do texto consolidado da CCJ (1º Turno).";
5014;120704;"18:07:00";"SIM";"PEC";103;2011;"Acrescenta o inciso VIII-A ao § 2º do art. 155 da Constituição Federal, para modificar a sistemática de cobrança do imposto sobre operações relativas à circulação de mercadorias e sobre prestações de serviços de transporte interestadual e intermunicipal e de comunicação incidente sobre as operações e prestações realizadas de forma não presencial e que destinem bens e serviços a consumidor final localizado em outro Estado.";"Votação da PEC 103, de 2011, na forma do texto consolidado da CCJ (2º Turno).";
5015;120704;"18:07:00";"SIM";"PEC";86;2007;"Altera o § 2º do art. 55 da Constituição Federal. (Determina o voto aberto para a perda de mandato de Deputados e Senadores).";"Votação da PEC 86, de 2007 (1º Turno).";
5016;120704;"18:53:00";"SIM";"PEC";86;2007;"Altera o § 2º do art. 55 da Constituição Federal. (Determina o voto aberto para a perda de mandato de Deputados e Senadores).";"Votação da PEC 86, de 2007 (2º Turno)";
5020;120807;"14:00:00";"SIM";"PLS";198;2007;"Acrescenta parágrafo ao Art. 1º da Lei Complementar nº 110, de 2001, estabelecendo prazo para a extinção de contribuição social.";"Emenda nº2 - CCJ ao PLS nº 198, de 2007";
5021;120807;"14:00:00";"SIM";"PEC";33;2009;"Acrescenta o art. 220-A à Constituição Federal, para dispor sobre a exigência do diploma de curso superior de comunicação social, habilitação jornalismo, para o exercício da profissão de jornalista.";"Proposta de Emenda à Constituição nº 33, de 2009 (2º turno)";
5022;120807;"14:00:00";"SIM";"PLS";652;2011;"Modifica as Leis nº 8.212 e 8.213, de 24 de julho de 1991, para dispor sobre a aposentadoria especial dos garçons.";"Projeto de Lei do Senado nº 652, de 2011";
5023;120807;"14:00:00";"SIM";"PLS";652;2011;"Modifica as Leis nº 8.212 e 8.213, de 24 de julho de 1991, para dispor sobre a aposentadoria especial dos garçons.";"Emenda nº1 - CAS ao PLS 652, de 2011";
5024;120807;"14:00:00";"SIM";"PLS";198;2007;"Acrescenta parágrafo ao Art. 1º da Lei Complementar nº 110, de 2001, estabelecendo prazo para a extinção de contribuição social.";"Projeto de Lei do Senado nº 198, de 2007-Complementar";
5030;120808;"17:36:00";"SIM";"PEC";63;2011;"Altera a redação do art. 3º da Emenda Constittucional nº 62, de 9 de dezembro de 2009, para ampliar o prazo de adesão ao regime especial de precatório até a data de 31 de dezembro de 2012.";"Votação da Emenda nº 1-CCJ (SUBSTITUTIVO) à Proposta de Emenda à Constituição nº 63, de 2011 - 1º Turno (altera a redação do art. 3º da Emenda Constitucional nº 62, de 9 de dezembro de 2009, para ampliar o prazo de adesão ao regime especial de precatórios até a data de 31 de dezembro de 2012).";
5031;120808;"17:36:00";"SIM";"PEC";82;2011;"Altera o art. 134 da Constituição Federal.";"Votação em 2º turno da Proposta de Emenda à Constituição nº 82, de 2011 (altera o art. 134 da Constituição Federal - Defensoria Pública da União).";
5025;120808;"17:17:00";"SIM";"PEC";82;2011;"Altera o art. 134 da Constituição Federal.";"Votação em 1º turno da Proposta de Emenda à Constituição nº 82, de 2011 (altera o art. 134 da Constituição Federal - Defesoria Pública da União).";
5032;120829;"14:00:00";"SIM";"PEC";65;2011;"Altera o art. 27 do Ato das Disposições Constitucionais Transitórias para criar o Tribunal Regional Federal da 6ª Região, em Belo Horizonte, Minas Gerais.";"Votação em 1º turno da PEC nº 65, de 2011.";
5033;120829;"14:00:00";"SIM";"PEC";65;2011;"Altera o art. 27 do Ato das Disposições Constitucionais Transitórias para criar o Tribunal Regional Federal da 6ª Região, em Belo Horizonte, Minas Gerais.";"Votação da Emenda nº 1 - CCJ à PEC nº 65, de 2011 (1º turno).";
5034;120912;"18:40:00";"SIM";"PEC";34;2012;"Acrescenta o art. 216-A à Constituição Federal para instituir o Sistema Nacional de Cultura.";"Proposta de Emenda à Constituição nº 34, de 2012 (1º turno)";
5035;120912;"19:06:00";"SIM";"PEC";34;2012;"Acrescenta o art. 216-A à Constituição Federal para instituir o Sistema Nacional de Cultura.";"Proposta de Emenda à Constituição nº 34, de 2012 (2º turno).";
5037;120912;"14:00:00";"NAO";"PLV";16;2012;"Altera a Lei nº 10.836, de 9 de janeiro de 2004; dispõe sobre o apoio financeiro da União aos Municípios e ao Distrito Federal para ampliação da oferta da educação infantil; e dá outras providências.";"Requerimentos nº 819 e 820, de 2012, referentes ao PLV nº 16, de 2012.";
5047;121107;"14:00:00";"SIM";"PLC";32;2012;"Modifica a Lista de serviços tributáveis pelo Imposto sobre Serviços de Qualquer Natureza — ISS anexa à Lei Complementar nº 116, de 31 de julho de 2003.";"Votação do Projeto de Lei da Câmara nº 32, de 2012 - Complementar.";
5048;121107;"14:00:00";"SIM";"PLC";32;2012;"Modifica a Lista de serviços tributáveis pelo Imposto sobre Serviços de Qualquer Natureza — ISS anexa à Lei Complementar nº 116, de 31 de julho de 2003.";"Votação da Emenda nº 1 CCJ de Redação ao PLC nº 32/2012 - Complementar.";
5049;121107;"14:00:00";"SIM";"PEC";65;2011;"Altera o art. 27 do Ato das Disposições Constitucionais Transitórias para criar o Tribunal Regional Federal da 6ª Região, em Belo Horizonte, Minas Gerais.";"Votação da Proposta de Emenda à Constituição nº 65, de 2011 (2º turno).";
5050;121217;"14:00:00";"SIM";"PLV";26;2012;"Dispõe sobre medidas tributárias referentes à realização, no Brasil, dos Jogos Olímpicos de 2016 e dos Jogos Paraolímpicos de 2016.";"Votação dos pressupostos de relevância e urgência da MPV nº 584, de 2012.";
5055;121218;"14:00:00";"NAO";"PLV";30;2012;"Dispõe sobre as concessões de geração, transmissão e distribuição de energia elétrica, sobre a redução dos encargos setoriais, sobre a modicidade tarifária, e dá outras providências.";"Requerimentos nº 1172, 1173 e 1174, de 2012 (destaque)";
5066;130319;"14:00:00";"SIM";"PEC";66;2012;"Altera a redação do parágrafo único do art. 7º da Constituição Federal para estabelecer a igualdade de direitos trabalhistas entre os trabalhadores domésticos e demais trabalhadores urbanos e rurais.";"Proposta de Emenda à Constituição nº 66, de 2012, que altera a redação do parágrafo único do art. 7º da Constituição Federal para estabelecer a igualdade de direitos trabalhistas entre os trabalhadores domésticos e demais trabalhadores urbanos e rurais";
5068;130319;"14:00:00";"SIM";"PEC";66;2012;"Altera a redação do parágrafo único do art. 7º da Constituição Federal para estabelecer a igualdade de direitos trabalhistas entre os trabalhadores domésticos e demais trabalhadores urbanos e rurais.";"Emenda nº 1 CCJ de Redação à Proposta de Emenda à Constituição nº 66, de 2012 (1º turno).";
5070;130326;"14:00:00";"SIM";"PEC";66;2012;"Altera a redação do parágrafo único do art. 7º da Constituição Federal para estabelecer a igualdade de direitos trabalhistas entre os trabalhadores domésticos e demais trabalhadores urbanos e rurais.";"Votação, em 2º turno da Proposta de Emenda à Constituição nº 66, de 2012, que altera a redação do parágrafo único do art. 7º da Constituição Federal para estabelecer a igualdade de direitos trabalhistas entre os trabalhadores domésticos e demais trabalhadores urbanos e rurais.";
5077;130409;"14:00:00";"SIM";"PLS";192;2011;"Estabelece normas sobre o cálculo, à entrega e o controle das liberações dos recursos do Fundo de Participação dos Estados e do Distrito Federal - FPE.";"Votação da Emenda nº 1 (Substitutivo) ao PLS nº 192 de 2011 - Complementar";
5078;130410;"14:00:00";"SIM";"PLS";192;2011;"Estabelece normas sobre o cálculo, à entrega e o controle das liberações dos recursos do Fundo de Participação dos Estados e do Distrito Federal - FPE.";"Votação do Substitutivo do PLS nº 192. de 2011 - Comp (Turno Suplementar)";
5079;130410;"14:00:00";"NAO";"PLS";192;2011;"Estabelece normas sobre o cálculo, à entrega e o controle das liberações dos recursos do Fundo de Participação dos Estados e do Distrito Federal - FPE.";"Votação da Emenda nº 27 ao Substitutivo ao PLS nº 192, de 2011 - Comp (Turno Suplementar)";
5080;130410;"14:00:00";"NAO";"PLS";192;2011;"Estabelece normas sobre o cálculo, à entrega e o controle das liberações dos recursos do Fundo de Participação dos Estados e do Distrito Federal - FPE.";"Votação do Requerimento nº 299, de 2013 que solicita a preferência para votação da Emenda nº 17-PLEN.";
5081;130410;"14:00:00";"NAO";"PLS";192;2011;"Estabelece normas sobre o cálculo, à entrega e o controle das liberações dos recursos do Fundo de Participação dos Estados e do Distrito Federal - FPE.";"Votação da Emenda nº 17 ao Substitutivo ao PLS nº 192, de 2011 - Comp (Turno Suplementar)";
5097;130516;"11:00:00";"SIM";"PLV";9;2013;"Dispõe sobre a exploração direta e indireta, pela União, de portos e instalações portuárias e sobre as atividades desempenhadas pelos operadores portuários; altera as Leis nºs 5.025, de 10 de junho de 1966, 10.233, de 5 de junho de 2001, 10.683, de 28 de maio de 2003, 9.719, de 27 de novembro de 1998, e 8.213, de 24 de julho de 1991; revoga as Leis nºs 8.630, de 25 de fevereiro de 1993, e 11.610, de 12 de dezembro de 2007, e dispositivos das Leis nºs 11.314, de 3 de julho de 2006, e 11.518, de 5 de setembro, de 2007; e dá outras providências.";"Pressupostos constitucionais de relevância, urgência e adequação financeira e orçamentária da Medida Provisória nº 595, de 2012 (verificação)";
5098;130516;"11:00:00";"SIM";"PLV";9;2013;"Dispõe sobre a exploração direta e indireta, pela União, de portos e instalações portuárias e sobre as atividades desempenhadas pelos operadores portuários; altera as Leis nºs 5.025, de 10 de junho de 1966, 10.233, de 5 de junho de 2001, 10.683, de 28 de maio de 2003, 9.719, de 27 de novembro de 1998, e 8.213, de 24 de julho de 1991; revoga as Leis nºs 8.630, de 25 de fevereiro de 1993, e 11.610, de 12 de dezembro de 2007, e dispositivos das Leis nºs 11.314, de 3 de julho de 2006, e 11.518, de 5 de setembro, de 2007; e dá outras providências.";"Projeto de Lei de Conversão nº 9, de 2013 (MPV 595/2012) Dispõe sobre a exploração direta e indireta, pela União, de portos e instalações portuárias e sobre as atividades desempenhadas pelos operadores portuários, e dá outras providências.";
5099;130528;"14:00:00";"SIM";"PLV";10;2013;"Altera as Leis nºs 12.409, de 25 de maio de 2011, 12.793, de 2 de abril de 2013, que dispõe sobre o Fundo de Desenvolvimento do Centro-Oeste – FDCO, constitui fonte adicional de recursos para ampliação de limites operacionais da Caixa Econômica Federal, 12.462, de 4 de agosto de 2011, 5.862, de 12 de dezembro de 1972, 8.399, de 7 de janeiro de 1992, 12.096, de 24 de novembro de 2009, 12.663, de 5 de junho de 2012, 11.314, de 3 de julho de 2006, 12.487, de 15 de setembro de 2011, e 11.941, de 27 de maio de 2009; altera os prazos constantes da Lei nº 12.249, de 11 de junho de 2010; e altera a Medida Provisória nº 2.170-36, de 23 de agosto de 2001, e o Decreto-Lei nº 3.365, de 21 de junho de 1941; e dá outras providências.";"Votação quanto aos pressupostos constitucionais de relevância, urgência e adequação financeira e orçamentária da Medida Provisória nº 600, de 2012.";
5112;130618;"14:00:00";"NAO";"PLV";15;2013;"Reduz a zero alíquotas da Contribuição para o PIS/PASEP, da Cofins, da Contribuição para o PIS/Pasep-Importação e da Cofins-Importação, incidentes sobre a receita decorrente da venda no mercado interno e sobre a importação de produtos que compõem a cesta básica, altera as Leis nºs 10.925, de 23 de julho de 2004, 10.147, de 21 de dezembro de 2000, 10.865, de 30 de abril de 2004, 12.058, de 13 de outubro de 2009, 12.350, de 20 de dezembro de 2010, 12.599, de 23 de março de 2012, 10.485, de 3 de julho de 2002, 10.438, de 26 de abril de 2002, 10.848, de 15 de março de 2004, 12.783, de 11 de janeiro de 2013, 9.074, de 7 de julho de 1995, e 9.427, de 26 de dezembro de 1996; revoga dispositivo da Lei nº 12.767, de 27 de dezembro de 2012; e dá outras providências.";"Votação da emenda nº 34 à Medida Provisória nº 609, de 2013 (Verificação)";
5115;130618;"14:00:00";"NAO";"PLS";240;2013;"Altera a Lei Complementar n° 62, de 28 de dezembro de 1989, a Lei n° 5.172, de 25 de outubro de 1966 (Código Tributário Nacional), e a Lei n° 8.443, de 16 de julho de 1992 (Lei Orgânica do Tribunal de Contas da União), para dispor sobre os critérios de rateio do Fundo de Participação dos Estados e do Distrito Federal (FPE); e revoga dispositivos da Lei n° 5.172, de 25 de outubro de 1966.";"Votação do Requerimento nº 647, de 2013 (Verificação).";
5116;130618;"14:00:00";"SIM";"PLS";240;2013;"Altera a Lei Complementar n° 62, de 28 de dezembro de 1989, a Lei n° 5.172, de 25 de outubro de 1966 (Código Tributário Nacional), e a Lei n° 8.443, de 16 de julho de 1992 (Lei Orgânica do Tribunal de Contas da União), para dispor sobre os critérios de rateio do Fundo de Participação dos Estados e do Distrito Federal (FPE); e revoga dispositivos da Lei n° 5.172, de 25 de outubro de 1966.";"Votação, em turno único, do Projeto de Lei do Senado nº 240, de 2013 - Complementar.";
5117;130626;"12:30:00";"SIM";"PLS";240;2013;"Altera a Lei Complementar n° 62, de 28 de dezembro de 1989, a Lei n° 5.172, de 25 de outubro de 1966 (Código Tributário Nacional), e a Lei n° 8.443, de 16 de julho de 1992 (Lei Orgânica do Tribunal de Contas da União), para dispor sobre os critérios de rateio do Fundo de Participação dos Estados e do Distrito Federal (FPE); e revoga dispositivos da Lei n° 5.172, de 25 de outubro de 1966.";"Votação do caput da emenda nº 1 da Câmara dos Deputados ao PLS nº 240/2013 - Complementar";
5118;130626;"12:30:00";"NAO";"PLS";240;2013;"Altera a Lei Complementar n° 62, de 28 de dezembro de 1989, a Lei n° 5.172, de 25 de outubro de 1966 (Código Tributário Nacional), e a Lei n° 8.443, de 16 de julho de 1992 (Lei Orgânica do Tribunal de Contas da União), para dispor sobre os critérios de rateio do Fundo de Participação dos Estados e do Distrito Federal (FPE); e revoga dispositivos da Lei n° 5.172, de 25 de outubro de 1966.";"Votacão a emenda nº 2 ao PLS 240/2013 - Complementar";
5119;130626;"12:30:00";"NAO";"PLS";240;2013;"Altera a Lei Complementar n° 62, de 28 de dezembro de 1989, a Lei n° 5.172, de 25 de outubro de 1966 (Código Tributário Nacional), e a Lei n° 8.443, de 16 de julho de 1992 (Lei Orgânica do Tribunal de Contas da União), para dispor sobre os critérios de rateio do Fundo de Participação dos Estados e do Distrito Federal (FPE); e revoga dispositivos da Lei n° 5.172, de 25 de outubro de 1966.";"Votação do § único da emenda nº 1 da Câmara dos Deputados ao PLS 240/2013 - Complementar";
5120;130702;"14:00:00";"SIM";"PLS";105;2011;"Altera a Lei Complementar nº 123, de 14 de dezembro de 2006.";"Votação do Projeto de Lei do Senado de nº 105/2011(Complementar), que altera a Lei Complementar nº 123/2006 (Inclui serviços de advocacia no Simples Nacional).";
5122;130702;"14:00:00";"SIM";"PEC";6;2012;"Acrescenta o inciso V-A do art. 37 da Constituição da República, para vedar o provimento, a investidura e o exercício em cargo em comissão ou em função de confiança aos brasileiros que estejam em situação de inelegibilidade, ressalvadas as incompatibilidades específicas de cargos políticos eletivos, a condição de inalistável e a de militar.";"Votação da emenda º 2 (Substitutivo) a Proposta de Emenda à Constituição nº 6/2012 (1º Turno).";
5123;130702;"14:00:00";"SIM";"PEC";6;2012;"Acrescenta o inciso V-A do art. 37 da Constituição da República, para vedar o provimento, a investidura e o exercício em cargo em comissão ou em função de confiança aos brasileiros que estejam em situação de inelegibilidade, ressalvadas as incompatibilidades específicas de cargos políticos eletivos, a condição de inalistável e a de militar.";"Votação do Substitutivo à Proposta de Emenda à Constituição nº 6/2012 (2º Turno).";
5124;130702;"14:00:00";"NAO";"PEC";6;2012;"Acrescenta o inciso V-A do art. 37 da Constituição da República, para vedar o provimento, a investidura e o exercício em cargo em comissão ou em função de confiança aos brasileiros que estejam em situação de inelegibilidade, ressalvadas as incompatibilidades específicas de cargos políticos eletivos, a condição de inalistável e a de militar.";"Votação da alínea 'B' do inciso I do art. 37 do substitutivo a PEC nº 6/2012";
5137;130709;"14:00:00";"SIM";"PEC";37;2011;"Altera os arts. 46 e 56 da Constituição Federal, para reduzir de dois para um o número de suplentes de Senador; vedar a eleição de suplente que seja cônjuge, parente consanguíneo ou afim, até o segundo grau ou por adoção do titular e dá outras providências.";"Votacação da Proposta de Emenda à Constituição nº 37, de 2011, que altera os arts. 46 e 56 da Constituição Federal, para reduzir de dois para um o número de suplentes de Senador; vedar a eleição de suplente que seja cônjuge, parente e consanguíneos ou afim, até o segundo grau ou por adoção do titular e dá outras providências.";
5141;130710;"14:00:00";"SIM";"PEC";3;2011;"Acrescenta o inciso IV ao caput do art. 60 e o § 3º ao art. 61 da Constituição, e altera a redação do § 2º também do art. 61, para viabilizar a apresentação de propostas de emenda à Constituição de iniciativa popular e facilitar a apresentação e a apreciação de projetos de lei respectivos.";"Proposta de Emenda à Constituição nº 3, de 2011(1º turno)";
5142;130710;"14:00:00";"NAO";"PEC";3;2011;"Acrescenta o inciso IV ao caput do art. 60 e o § 3º ao art. 61 da Constituição, e altera a redação do § 2º também do art. 61, para viabilizar a apresentação de propostas de emenda à Constituição de iniciativa popular e facilitar a apresentação e a apreciação de projetos de lei respectivos.";"Parágrafo 3º do art. 2º da PEC nº 3/2011.";
5143;130710;"14:00:00";"SIM";"PEC";3;2011;"Acrescenta o inciso IV ao caput do art. 60 e o § 3º ao art. 61 da Constituição, e altera a redação do § 2º também do art. 61, para viabilizar a apresentação de propostas de emenda à Constituição de iniciativa popular e facilitar a apresentação e a apreciação de projetos de lei respectivos.";"Emendas nºs 1 a 5, 8 e 9 - CCJ e 10 - PLEN a PEC nº 3/2011.";
5144;130710;"14:00:00";"NAO";"PEC";3;2011;"Acrescenta o inciso IV ao caput do art. 60 e o § 3º ao art. 61 da Constituição, e altera a redação do § 2º também do art. 61, para viabilizar a apresentação de propostas de emenda à Constituição de iniciativa popular e facilitar a apresentação e a apreciação de projetos de lei respectivos.";"Emendas nºs 6 e 7 CCJ a PEC nº 3/2011.";
5145;130710;"14:00:00";"SIM";"PEC";3;2011;"Acrescenta o inciso IV ao caput do art. 60 e o § 3º ao art. 61 da Constituição, e altera a redação do § 2º também do art. 61, para viabilizar a apresentação de propostas de emenda à Constituição de iniciativa popular e facilitar a apresentação e a apreciação de projetos de lei respectivos.";"Proposta de Emenda à Constituição nº 3/2011 (2º turno)";
5138;130710;"14:00:00";"SIM";"PRS";39;2013;"Autoriza a União a contratar operação financeira com a República do Congo, no valor equivalente a US$ 352,676,103.62 (trezentos e cinquenta e dois milhões, seiscentos e setenta e seis mil, cento e três dólares dos Estados Unidos da América e sessenta e dois centavos), para o reescalonamento da dívida oficial congolesa para com o Brasil.";"Projeto de Resolução nº 39, de 2013 (verificação)";
5139;130710;"14:00:00";"SIM";"PEC";11;2003;"Altera a Constituição Federal para disciplinar a candidatura do suplente de Senador e a eleição para o Senado Federal em caso de vacância.";"Emenda 2 (Substitutivo) a PEC 11/2003 (1º Truno)";
5140;130710;"14:00:00";"SIM";"PEC";11;2003;"Altera a Constituição Federal para disciplinar a candidatura do suplente de Senador e a eleição para o Senado Federal em caso de vacância.";"Emenda nº 2 (Substitutivo) a PEC nº 11/2003 (2º turno)";
5146;130711;"14:00:00";"SIM";"PLS";224;2013;"Dispõe sobre o contrato de trabalho doméstico, e dá outras providências.";"Projeto de Lei do Senado nº 224 de 2013 (Complementar)";
5147;130711;"14:00:00";"SIM";"PLS";224;2013;"Dispõe sobre o contrato de trabalho doméstico, e dá outras providências.";"Emendas de parecer favorável ao PLS nº 224/2013 (Complementar)";
5148;130711;"14:00:00";"NAO";"PLS";224;2013;"Dispõe sobre o contrato de trabalho doméstico, e dá outras providências.";"Emendas de parecer contrário ao PLS nº 224/2013 (Complementar)";
5152;130806;"14:00:00";"SIM";"PEC";53;2011;"Altera a redação do art. 93 da Constituição Federal para excluir a pena de aposentadoria do magistrado, por interesse público.";"Votação, em 1º turno, da Emenda nº 3 (Subst.) à Proposta de Emenda à Constituição nº 53, de 2011 (Texto Consolidado).";
5153;130806;"14:00:00";"SIM";"PEC";53;2011;"Altera a redação do art. 93 da Constituição Federal para excluir a pena de aposentadoria do magistrado, por interesse público.";"Votação, em 2º turno, da Proposta de Emenda à Constituição nº 53, de 2011 (Substitutivo).";
5154;130807;"14:00:00";"SIM";"PEC";122;2011;"Altera a redação do inciso VIII do § 3º do art. 142, da Constituição Federal, para estender aos profissionais de saúde das Forças Armadas a possibilidade de cumulação de cargo a que se refere art. 37, inciso XVI, alínea c.";"Votação da emenda nº 1 -CCJ (substitutivo) a PEC nº 122/2011(1º turno), que altera a redação do inciso VIII do § 3 do art. 142 da Constituição Federal para estender aos profissionais de saúde das Forças Armadas a possibilidade de cumulação de cargo a que se refere o art. 37, inciso XVI, alínea C, da Constituição.";
5155;130807;"14:00:00";"SIM";"PEC";122;2011;"Altera a redação do inciso VIII do § 3º do art. 142, da Constituição Federal, para estender aos profissionais de saúde das Forças Armadas a possibilidade de cumulação de cargo a que se refere art. 37, inciso XVI, alínea c.";"Votação da emenda nº 2 -PLEN a PEC nº 122/2011 (1º turno), que altera a redação do inciso VIII do § 3 do art. 142, da Constituição Federal, para estender aos profissionais de saúde das Forças Armadas a possibilidade de cumulação de cargo a que se refere o art. 37, inciso XVI, alínea 'C', da Constituição.";
5156;130807;"14:00:00";"SIM";"PEC";122;2011;"Altera a redação do inciso VIII do § 3º do art. 142, da Constituição Federal, para estender aos profissionais de saúde das Forças Armadas a possibilidade de cumulação de cargo a que se refere art. 37, inciso XVI, alínea c.";"Votação do Substitutivo Consolidado a PEC nº 122/2011 (2º turno), que altera a redação do inciso VIII do § 3 do art. 142 da Constituição Federal, para estender aos profissionais de saúde das Forças Armadas a possibilidade de cumulação de cargo a que se refere o art. 37, inciso XVI, alínea 'C' da Constituição.";
5157;130807;"14:00:00";"SIM";"PLS";410;2012;"Altera a Lei Complementar nº 94, de 19 de fevereiro de 1998, que autoriza o Poder Executivo a criar a Região Integrada de Desenvolvimento do Distrito Federal e Entorno - RIDE e instituir o Programa Especial de Desenvolvimento do Entorno do Distrito Federal, e dá outras providências, para incluir os municípios de Alto Paraíso de Goiás e São João d’Aliança, ambos situados no Estado de Goiás, na RIDE.";"Votação do Projeto de Lei do Senado nº 410 de 2012 (Complementar) que altera a Lei Complementar nº 94, de 1998, que autoriza o poder executivo a criar a Região Integrada de Desenvolvimento do Distrito Federal e Entorno - RIDE e institui o programa esepcial de desenvolvimento do Distrito Federal.";
5158;130807;"14:00:00";"SIM";"PLS";410;2012;"Altera a Lei Complementar nº 94, de 19 de fevereiro de 1998, que autoriza o Poder Executivo a criar a Região Integrada de Desenvolvimento do Distrito Federal e Entorno - RIDE e instituir o Programa Especial de Desenvolvimento do Entorno do Distrito Federal, e dá outras providências, para incluir os municípios de Alto Paraíso de Goiás e São João d’Aliança, ambos situados no Estado de Goiás, na RIDE.";"Votação da emenda nº 1 CDR e emenda nº 2 Plenário com submenda ao PLS nº 410/2012 (Complementar).";
5173;130911;"14:00:00";"SIM";"PEC";18;2013;"Altera o art. 55 da Constituição Federal para tornar automática a perda do mandato de parlamentar nas hipóteses de improbidade administrativa ou de condenação por crime contra a Administração Pública.";"Votação da Emenda nº 1-CCJ (Substitutivo) à PEC nº 18, de 2013 (1º turno).";
5174;130911;"14:00:00";"SIM";"PEC";18;2013;"Altera o art. 55 da Constituição Federal para tornar automática a perda do mandato de parlamentar nas hipóteses de improbidade administrativa ou de condenação por crime contra a Administração Pública.";"Votação da Emenda nº 1-CCJ (Substitutivo) à PEC nº 18, de 2013 (2º turno).";
5175;130911;"14:00:00";"NAO";"PEC";123;2011;"Acrescenta a alínea e ao inciso VI do art. 150 da Constituição Federal, instituindo imunidade tributária sobre os fonogramas e videofonogramas musicais produzidos no Brasil contendo obras musicais ou literomusicais de autores brasileiros e/ou obras em geral interpretadas por artistas brasileiros bem como os suportes materiais ou arquivos digitais que os contenham.";"Votação da PEC nº 123, de 2011 (1º turno).";
5180;130924;"14:00:00";"SIM";"PEC";123;2011;"Acrescenta a alínea e ao inciso VI do art. 150 da Constituição Federal, instituindo imunidade tributária sobre os fonogramas e videofonogramas musicais produzidos no Brasil contendo obras musicais ou literomusicais de autores brasileiros e/ou obras em geral interpretadas por artistas brasileiros bem como os suportes materiais ou arquivos digitais que os contenham.";"Votação das Emendas nº 1 - CCJ e nº 3 - Plenário, à PEC 123/2011 (1º turno), que acrescenta a alínea 'e' ao inciso VI do art. 150 da Constituição Federal, instituindo imunidade tributária sobre os fonogramas e videofonogramas musicais produzidos no Brasil, contendo obras musicais ou literomusicais de autores brasileiros e/ou...";
5181;130924;"14:00:00";"SIM";"PEC";123;2011;"Acrescenta a alínea e ao inciso VI do art. 150 da Constituição Federal, instituindo imunidade tributária sobre os fonogramas e videofonogramas musicais produzidos no Brasil contendo obras musicais ou literomusicais de autores brasileiros e/ou obras em geral interpretadas por artistas brasileiros bem como os suportes materiais ou arquivos digitais que os contenham.";"Votação da Emenda nº 2 - Plenário à PEC 123/2011 (Parecer contrário), que acrescenta a alínea 'e' ao inciso VI do art. 150 da Constituição Federal, instituindo imunidade tributária sobre os fonogramas e videofonogramas musicais produzidos no Brasil contendo obras musicais ou literomusicais de autores brasileiros e/ou...";
5182;130924;"14:00:00";"NAO";"PEC";123;2011;"Acrescenta a alínea e ao inciso VI do art. 150 da Constituição Federal, instituindo imunidade tributária sobre os fonogramas e videofonogramas musicais produzidos no Brasil contendo obras musicais ou literomusicais de autores brasileiros e/ou obras em geral interpretadas por artistas brasileiros bem como os suportes materiais ou arquivos digitais que os contenham.";"Votação da Proposta de Emenda à Constituição nº123/2011 (2º turno), que acrescenta a alínea 'e' ao inciso VI do art. 150 da Constituição Federal, instituindo imunidade tributária sobre os fonogramas e videofonogramas musicais produzidos no Brasil contendo obras musicais ou literomusicais de autores brasileiros e/ou...";
5198;131016;"14:00:00";"NAO";"PLV";26;2013;"Institui o Programa Mais Médicos; altera as Leis nºs 8.745, de 9 de dezembro de 1993, e 6.932, de 7 de julho de 1981; e dá outras providências.";"Votação do RQS nº 1215, de 2013 (verificação).";
5194;131016;"14:00:00";"SIM";"SCD";98;2002;"Dispõe sobre o procedimento para a criação, a incorporação, a fusão e o desmembramento de Municípios, nos termos do § 4º do art. 18 da Constituição Federal.";"Votação do Substitutivo da Câmara ao PLS nº 98 de 2002 - Complementar, que 'dispõe sobre o procedimento para a criação, a incorporação, a fusão e o desmembramento de Municípios'.";
5196;131016;"14:00:00";"SIM";"SCD";98;2002;"Dispõe sobre o procedimento para a criação, a incorporação, a fusão e o desmembramento de Municípios, nos termos do § 4º do art. 18 da Constituição Federal.";"Votação do inciso VI do art. 13 do PLS nº 98, de 2002 - Complementar, que 'dispõe sobre o procedimento para a criação, a incorporação, a fusão e o desmembramento de Municípios.'";
5197;131016;"14:00:00";"NAO";"SCD";98;2002;"Dispõe sobre o procedimento para a criação, a incorporação, a fusão e o desmembramento de Municípios, nos termos do § 4º do art. 18 da Constituição Federal.";"Votação do inciso IV do art. 13 do PLS nº 98, de 2002 - Complementar, que 'dispõe sobre o procedimento para a criação, a incorporação, a fusão e o desmembramento de Municípios.'";
5201;131023;"14:00:00";"SIM";"PDS";85;2013;"Susta os efeitos da resolução administrativa expedida pelo Tribunal Superior Eleitoral nos autos da Petição nº. 9.495/AM, que redefine o número de Deputados Federais, Estaduais e Distritais.";"Votação do Requerimento nº 1243 de 2013, que solicita adiamento de discussão do Projeto de Decreto Legislativo nº 85 de 2013para exame da Comissão de Desenvolvimento Regional e Turismo.";
5202;131023;"14:00:00";"NAO";"PDS";85;2013;"Susta os efeitos da resolução administrativa expedida pelo Tribunal Superior Eleitoral nos autos da Petição nº. 9.495/AM, que redefine o número de Deputados Federais, Estaduais e Distritais.";"Votação do Projeto de Decreto Legislativo nº 85 de 2013 (verificação), que 'susta os efeitos da resolução administrativa expedida pelo Tribunal Superior Eleitoral nos autos da Petição nº. 9.495/AM, que redefine o número de Deputados Federais, Estaduais e Distritais'.";
5203;131105;"14:00:00";"SIM";"PEC";"0022A";2000;"Altera os arts. 165 e 166 da Constituição Federal e acrescenta os arts. 35-A e 35-B ao ADCT, tornando obrigatória a execução da programação orçamentária que especifica.";"Votação da Emenda nº 1 da CCJ à PEC nº 22A/2000 (SUBSTITUTIVO), que altera os arts. 165 e 166 da Constituição Federal e acrescenta os arts. 35 - A e 35 - B ao ADCT, tornando obrigatória a execução da programação orçamentária que especifica.";
5204;131106;"14:00:00";"NAO";"PEC";"0022A";2000;"Altera os arts. 165 e 166 da Constituição Federal e acrescenta os arts. 35-A e 35-B ao ADCT, tornando obrigatória a execução da programação orçamentária que especifica.";"Emendas 3, 5, 6, 7, 8 e 10- PLEN à PEC 22A/2000";
5205;131106;"14:00:00";"SIM";"PEC";"0022A";2000;"Altera os arts. 165 e 166 da Constituição Federal e acrescenta os arts. 35-A e 35-B ao ADCT, tornando obrigatória a execução da programação orçamentária que especifica.";"Subemenda CCJ à Emenda 2 - PLEN e emenda 9 - PLEN à PEC 22A/2000";
5206;131106;"14:00:00";"NAO";"PEC";"0022A";2000;"Altera os arts. 165 e 166 da Constituição Federal e acrescenta os arts. 35-A e 35-B ao ADCT, tornando obrigatória a execução da programação orçamentária que especifica.";"Requerimento nº 1288, de 2013, que solicita destaque da Emenda nº 4 - PLEN da PEC 22A/2000";
5207;131106;"14:00:00";"SIM";"PEC";"0022A";2000;"Altera os arts. 165 e 166 da Constituição Federal e acrescenta os arts. 35-A e 35-B ao ADCT, tornando obrigatória a execução da programação orçamentária que especifica.";"Requerimento nº 1294, de 2013, que solicita a votação em globo dos Requerimentos nº 1284 a 1293, de 2013.";
5208;131112;"14:00:00";"NAO";"PEC";"0022A";2000;"Altera os arts. 165 e 166 da Constituição Federal e acrescenta os arts. 35-A e 35-B ao ADCT, tornando obrigatória a execução da programação orçamentária que especifica.";"Votação da Emenda 4 - Plenário à PEC nº 22A, de 2000, em primeiro turno.";
5209;131112;"14:00:00";"SIM";"PEC";"0022A";2000;"Altera os arts. 165 e 166 da Constituição Federal e acrescenta os arts. 35-A e 35-B ao ADCT, tornando obrigatória a execução da programação orçamentária que especifica.";"Votação do Substitutivo Consolidado à PEC nº 22A, de 2000, em segundo turno.";
5210;131113;"14:00:00";"SIM";"PEC";43;2013;"Acrescenta os §§ 1º e 2º ao art. 47 e dá nova redação aos incisos III, IV e XI do art. 52, ao § 2º do art. 55 e ao § 4º do art. 66 da Constituição Federal, abolindo a votação secreta no âmbito do Poder Legislativo.";"Requerimento nº 1333, de 2013 (Verificação)";
5211;131113;"14:00:00";"SIM";"PEC";43;2013;"Acrescenta os §§ 1º e 2º ao art. 47 e dá nova redação aos incisos III, IV e XI do art. 52, ao § 2º do art. 55 e ao § 4º do art. 66 da Constituição Federal, abolindo a votação secreta no âmbito do Poder Legislativo.";"Proposta de Emenda à Constituição nº 43/2013 (1º turno)";
5212;131113;"14:00:00";"SIM";"PEC";43;2013;"Acrescenta os §§ 1º e 2º ao art. 47 e dá nova redação aos incisos III, IV e XI do art. 52, ao § 2º do art. 55 e ao § 4º do art. 66 da Constituição Federal, abolindo a votação secreta no âmbito do Poder Legislativo.";"Emendas nºs 2 e 3 - PLEN à PEC 43/2013 (1º turno)";
5216;131126;"14:00:00";"SIM";"PEC";43;2013;"Acrescenta os §§ 1º e 2º ao art. 47 e dá nova redação aos incisos III, IV e XI do art. 52, ao § 2º do art. 55 e ao § 4º do art. 66 da Constituição Federal, abolindo a votação secreta no âmbito do Poder Legislativo.";"Requerimento nº 1336, de 2013. (Verificação)";
5217;131126;"14:00:00";"SIM";"PEC";43;2013;"Acrescenta os §§ 1º e 2º ao art. 47 e dá nova redação aos incisos III, IV e XI do art. 52, ao § 2º do art. 55 e ao § 4º do art. 66 da Constituição Federal, abolindo a votação secreta no âmbito do Poder Legislativo.";"Proposta de Emenda à Constituição nº 43, de 2013 (2º turno), acrescenta os §§ 1º e 2º ao art. 47 e dá nova redação aos incisos III, IV e XI do art. 52, ao § 2º do art. 55 e ao §4º do art. 66 da Constituição Federal, abaolindo a votação secreta do âmbito do Poder Legislativo.";
5219;131126;"14:00:00";"NAO";"PEC";43;2013;"Acrescenta os §§ 1º e 2º ao art. 47 e dá nova redação aos incisos III, IV e XI do art. 52, ao § 2º do art. 55 e ao § 4º do art. 66 da Constituição Federal, abolindo a votação secreta no âmbito do Poder Legislativo.";"Art. 52 da CF/88 constante do art. 1º da PEC 43/2013 (2º turno).";
5222;131127;"14:00:00";"NAO";"PLS";386;2012;"Altera a Lei Complementar nº 116, de 31 de julho de 2003, que dispõe sobre o Imposto Sobre Serviços de Qualquer Natureza - ISS, de competência dos Municípios e do Distrito Federal, e dá outras providências.";"Emendas Parecer Contrário ao Substitutivo ao PLS nº 386, de 2012 - Complementar";
5220;131127;"14:00:00";"SIM";"PLS";386;2012;"Altera a Lei Complementar nº 116, de 31 de julho de 2003, que dispõe sobre o Imposto Sobre Serviços de Qualquer Natureza - ISS, de competência dos Municípios e do Distrito Federal, e dá outras providências.";"Votação do Substituivo da CAE ao Projeto de Lei do Senado nº 386 de 2012 - Complementar.";
5221;131127;"14:00:00";"SIM";"PLS";386;2012;"Altera a Lei Complementar nº 116, de 31 de julho de 2003, que dispõe sobre o Imposto Sobre Serviços de Qualquer Natureza - ISS, de competência dos Municípios e do Distrito Federal, e dá outras providências.";"Votação das emendas nºs 6 e 7 ao Substitutivo ao Projeto de Lei do Senado nº 386 de 2012 - Complementar.";
5241;131217;"14:00:00";"SIM";"PLC";103;2012;"Aprova o Plano Nacional de Educação - PNE e dá outras providências.";"Votação do Requerimento nº 1482, de 2013, de preferência à Emenda nº 4-Plenário (PLC nº 103, de 2012).";
5248;140326;"14:00:00";"SIM";"PLS";222;2013;"Estabelece normas gerais sobre o processo administrativo fiscal, no âmbito das administrações tributárias da União, dos Estados, do Distrito Federal e dos Municípios.";"Emenda 1 CCJ e subemenda à emenda 7 ao PLS nº 222, de 2013 - Complementar - Que autoriza o Poder Executivo a criar a mesorregião metade sul do Estado do Rio Grande do Sul.";
5249;140326;"14:00:00";"SIM";"PLS";222;2013;"Estabelece normas gerais sobre o processo administrativo fiscal, no âmbito das administrações tributárias da União, dos Estados, do Distrito Federal e dos Municípios.";"Projeto de Lei do Senado nº 222, de 2013 - Complementar - Estabelece normas gerais sobre o processo administrativo fiscal, no âmbito das administrações tributárias da União, dos Estados, do Distrito Federal e dos Municípios (assegura o contraditório e a ampla defesa em processo administrativo fiscal).";
5250;140326;"14:00:00";"SIM";"PLS";222;2013;"Estabelece normas gerais sobre o processo administrativo fiscal, no âmbito das administrações tributárias da União, dos Estados, do Distrito Federal e dos Municípios.";"Emendas nºs 3, 4, 5 e 6 - PLEN ao PLS nº 222, de 2013 - Complementar - que autoriza o Poder Executivo a criar a mesorregião metade sul do Estado do Rio Grande do Sul.";
5251;140326;"14:00:00";"SIM";"PEC";35;2011;"Revoga o inciso I do art. 49, acrescenta inciso ao art. 52 e altera a redação do inciso VIII do art. 84 da Constituição Federal, a fim de tornar privativa do Senado Federal a competência para decidir sobre tratados, acordos ou atos internacionais.";"Emenda 1 - CCJ à PEC 35, de 2011 (substitutivo) - 1º turno.";
5252;140326;"14:00:00";"NAO";"PEC";34;2013;"Altera os incisos XIX e XX do art. 37 e o art. 88 da Constituição Federal, para determinar que a criação e extinção de órgãos, Ministérios ou entidades da Administração Pública seja feita mediante lei complementar.";"Proposta de Emenda à Constituição nº 34, de 2013 (1º turno) - que altera os incisos XIX e XX do art. 37 e o art. 88 da Constituição Federal, para determinar que a criação e extinção de órgãos, ministérios ou entidades da administração pública seja feita mediante Lei Complementar.";
5258;140408;"14:00:00";"SIM";"PDS";49;2014;"Escolhe o Senhor Jorge Afonso Argello para o cargo de Ministro do Tribunal de Contas da União, nos termos do art. 73, § 2º, inciso II, da Constituição Federal, e art. 105, inciso II, da Lei nº 8.443, de 1992.";"Votação do Requerimento nº 360, de 2014 (Verificação)";
5265;140422;"14:00:00";"SIM";"PLC";21;2014;"Estabelece princípios, garantias, direitos e deveres para o uso da internet no Brasil.";"Votação do Requerimento nº 409, de 2014, que solicita, nos termos do art. 175, inciso IV, do Regimento Interno, inversão da Ordem do Dia, a fim de que o Projeto de Lei da Câmara nº 21, de 2014, constante do item nº 38 seja submetida ao Plenário em primeiro lugar.";
5262;140423;"14:00:00";"SIM";"PEC";61;2013;"Dá nova redação ao caput do art. 54 do Ato das Disposições Constitucionais Transitórias e acrescenta art. 54-A a este Ato. (PEC dos Seringueiros / Soldados da Borracha)";"Votação em primeiro turno da Proposta de Emenda à Constituição nº 61, de 2013, que dá nova redação ao 'caput' do art. 54 do Ato das Disposições Constitucionais Transitórias e acrescenta o art. 54-A a este ato (indenização aos soldados da borracha).";
5263;140423;"14:00:00";"SIM";"PEC";61;2013;"Dá nova redação ao caput do art. 54 do Ato das Disposições Constitucionais Transitórias e acrescenta art. 54-A a este Ato. (PEC dos Seringueiros / Soldados da Borracha)";"Votação da Emenda nº 1 - CCJ à Proposta de Emenda à Constituição nº 61, de 2013 (primeiro turno).";
5264;140423;"14:00:00";"SIM";"PEC";61;2013;"Dá nova redação ao caput do art. 54 do Ato das Disposições Constitucionais Transitórias e acrescenta art. 54-A a este Ato. (PEC dos Seringueiros / Soldados da Borracha)";"Votação em segundo turno da Proposta de Emenda à Constituição nº 61, de 2013, que dá nova redação ao 'caput' do art. 54 do Ato das Disposições Constitucionais Transitórias e acrescenta o art. 54-A a este ato (indenização aos soldados da borracha).";
5268;140429;"14:00:00";"SIM";"PLS";323;2010;"Veda a exigência da substituição tributária prevista no artigo 150, §  7º, da Constituição,  para os optantes do Simples Nacional instituído pela Lei Complementar nº 123, de 14 de dezembro de 2006.";"Votação da Emenda nº 3 de Plenário (Substitutivo) ao PLS 323/2010 - Complementar.";
5273;140507;"14:00:00";"SIM";"PLS";104;2014;"Dispõe sobre o procedimento para a criação, a incorporação, a fusão e o desmembramento de Municípios, nos termos do § 4º do art. 18 da Constituição Federal e dá outras providências.";"Votação do Projeto de Lei do Senado nº 104 de 2014, Complementar, que dispõe sobre o procedimento para a criação, a incorporação, a fusão e o desmembramento de municípios, nos termos do § 4º do art. 18 da Constituição Federal e dá outras providências.";
5275;140514;"14:00:00";"SIM";"PLS";104;2014;"Dispõe sobre o procedimento para a criação, a incorporação, a fusão e o desmembramento de Municípios, nos termos do § 4º do art. 18 da Constituição Federal e dá outras providências.";"Votação da emenda nº 1 e subemnda e emendas nº 2 a 10 e 13 ao PLS 104/2014-COMP.";
5276;140520;"14:00:00";"SIM";"PEC";11;2014;"Altera o art. 31 da Emenda Constitucional nº 19, de 4 de junho de 1998, e dá outras providências.";"Votação da Proposta de Emenda à Constituição nº 11, de 2014 (1º turno) que altera o art. 31 da emenda constitucional nº 19, de 1998.Votação da Proposta de Emenda à Constituição nº 11, de 2014 (1º turno) que altera o art. 31 da emenda constitucional nº 19, de 1998.";
5277;140520;"14:00:00";"SIM";"PEC";11;2014;"Altera o art. 31 da Emenda Constitucional nº 19, de 4 de junho de 1998, e dá outras providências.";"Votação da emenda nº 1 - CCJ de redação à PEC 11/2014 (1º turno).";
5278;140520;"14:00:00";"SIM";"PEC";11;2014;"Altera o art. 31 da Emenda Constitucional nº 19, de 4 de junho de 1998, e dá outras providências.";"Votação da Proposta de Emenda à Constituição nº 11, de 2014 (2º turno) que altera o art. 31 da emenda constitucional nº 19, de 1998.";
5279;140520;"14:00:00";"SIM";"PEC";4;2014;"Altera o Capítulo IV - Das Funções Essenciais à Justiça, do Título IV - Da Organização dos Poderes, e acrescenta artigo ao Ato das Disposições Constitucionais Transitórias da Constituição Federal.";"Votação da Proposta de Emenda à Constituição nº 4, de 2014 (1º turno) que altera o capítulo IV - das funções essenciais à justiça, do título IV - da organização dos poderes, e acrescenta artigo ao Ato das Disposições Constitucionais Transitórias da Constituição Federal (Defensoria Pública).";
5280;140520;"14:00:00";"SIM";"PEC";4;2014;"Altera o Capítulo IV - Das Funções Essenciais à Justiça, do Título IV - Da Organização dos Poderes, e acrescenta artigo ao Ato das Disposições Constitucionais Transitórias da Constituição Federal.";"Votação da Proposta de Emenda à Constituição nº 4, de 2014 (2º turno) que altera o capítulo IV - das funções essenciais à justiça, do título IV - da organização dos poderes, e acrescenta artigo ao Ato das Disposições Constitucionais Transitórias da Constituição Federal (Defensoria Pública).";
5281;140527;"14:00:00";"SIM";"PEC";"0057A";1999;"Dá nova redação ao art. 243 da Constituição Federal.";"Votação da Proposta de Emenda à Constituição nº 57A. de 1999 (1º turno), que dá nova redação ao art. 243 da Constituição Federal (trabalho escravo).";
5282;140527;"14:00:00";"SIM";"PEC";"0057A";1999;"Dá nova redação ao art. 243 da Constituição Federal.";"Votação da subemenda da CCJ à emenda nº 1 - Plenário à  Proposta de Emenda à Constituição nº 57A. de 1999 (1º turno), que dá nova redação ao art. 243 da Constituição Federal (trabalho escravo).";
5283;140527;"14:00:00";"SIM";"PEC";"0057A";1999;"Dá nova redação ao art. 243 da Constituição Federal.";"Votação da Proposta de Emenda à Constituição nº 57A. de 1999 (2º turno) que dá nova redação ao art. 243 da Constituição Federal (trabalho escravo).";
5284;140528;"14:00:00";"NAO";"MPV";633;2013;"Altera a Lei nº 12.096, de 24 de novembro de 2009, que autoriza a concessão de subvenção econômica sob a modalidade de equalização de taxas de juros pela União, acrescenta o art. 1º-A à Lei nº 12.409, de 25 de maio de 2011, que autoriza o Fundo de Compensação de Variações Salariais - FCVS, a assumir direitos e obrigações do Seguro Habitacional do Sistema Financeiro da Habitação - SH/SFH e dá outras providências.";"Requerimento nº 574, de 2014 (Verificação), que requer destaque para votação em separado da Emenda nº 24 oferecida ao Projeto de Lei de Conversão nº 08, de 2014 (proveniente da Medida Provisória nº 633, de 2013).";
5285;140528;"14:00:00";"SIM";"PEC";77;2013;"Inclui o § 10 ao art. 144 da Constituição Federal, para disciplinar a segurança viária no âmbito dos Estados, do Distrito Federal e dos Municípios.";"Votação da Proposta de Emenda à Constitução nº 77, de 2013 (1º Turno), que inclui o §10 ao art. 144 da Constituição Federal, para disciplinar a segurança viária no âmbito dos Estados, do Distrito Federal e dos Municípios.";
5286;140528;"14:00:00";"SIM";"PEC";77;2013;"Inclui o § 10 ao art. 144 da Constituição Federal, para disciplinar a segurança viária no âmbito dos Estados, do Distrito Federal e dos Municípios.";"Votação da Proposta de Emenda à Constitução nº 77, de 2013 (2º Turno), que inclui o §10 ao art. 144 da Constituição Federal, para disciplinar a segurança viária no âmbito dos Estados, do Distrito Federal e dos Municípios.";
5287;140603;"14:00:00";"SIM";"PLC";62;2009;"Estende a estabilidade provisória prevista na alínea b do inciso II do art. 10 do Ato das Disposições Constitucionais Transitórias à trabalhadora gestante, nos casos de morte desta, a quem detiver a guarda de seu filho.";"Votação do Projeto de Lei da Câmara de 62, de 2009 (Complentar) que estende a estabilidade provisória prevista na alínea 'B' do inciso II do art. 10 do ato das disposições constitucionais transitórias à trabalhadora gestante, nos casos de morte desta, a quem detiver a guarda de seu filho.";
5288;140603;"14:00:00";"SIM";"PLC";41;2014;"Dispõe sobre o exercício da profissão de motorista; altera a Consolidação das Leis do Trabalho - CLT, aprovada pelo Decreto-Lei nº 5.452, de 1º de maio de 1943, e as Leis nºs 9.503, de 23 de setembro de 1997 - Código de Trânsito Brasileiro, e 11.442, de 5 de janeiro de 2007 (empresas e transportadores autônomos de carga), para disciplinar a jornada de trabalho e o tempo de direção do motorista profissional; altera a Lei nº 7.408, de 25 de novembro de 1985; revoga dispositivos da Lei nº 12.619, de 30 de abril de 2012; e dá outras providências.";"Votação do Projeto de Lei da Câmara nº 41, de 2014, que altera a consolidação das leis do trabalho - CLT, para disciplinar a jornada de trabalho e o tempo de direção do motorista profissional.";
